Company Name,Ticker,Last Close,Exchange
"Agilent Technologies, Inc.",A,67,NYSE
Alcoa Corp.,AA,42.24,NYSE
"AAC Holdings, Inc.",AAC,8.8,NYSE
"Aaron's,  Inc.",AAN,37.08,NYSE
"American Assets Trust, Inc.",AAT,38.85,NYSE
Advantage Oil & Gas Ltd,AAV,4.05,NYSE
AllianceBernstein Holding L.P.,AB,25.1,NYSE
ABB Ltd,ABB,26,NYSE
AbbVie Inc.,ABBV,96.47,NYSE
AmerisourceBergen Corporation (Holding Co),ABC,86.77,NYSE
Ambev S.A.,ABEV,6.34,NYSE
Asbury Automotive Group Inc,ABG,67.55,NYSE
ABM Industries Incorporated,ABM,43.78,NYSE
Arbor Realty Trust,ABR,8.7,NYSE
Abbott Laboratories,ABT,54.94,NYSE
Barrick Gold Corporation,ABX,13.65,NYSE
"Associated Capital Group, Inc.",AC,33.75,NYSE
American Campus Communities Inc,ACC,43.43,NYSE
Acco Brands Corporation,ACCO,12.45,NYSE
Aluminum Corporation of China Limited,ACH,16.15,NYSE
AECOM,ACM,38.51,NYSE
Ares Commercial Real Estate Corporation,ACRE,13.32,NYSE
Agree Realty Corporation,ADC,49.69,NYSE
Archer-Daniels-Midland Company,ADM,41.9,NYSE
Adient PLC,ADNT,79.69,NYSE
Advanced Disposal Services Inc.,ADSW,23.03,NYSE
Adams Diversified Equity Fund,ADX,14.835,NYSE
Ameren Corporation,AEE,63.66,NYSE
Aegon NV,AEG,6.2,NYSE
American Equity Investment Life Holding Company,AEL,32.2,NYSE
Agnico Eagle Mines Limited,AEM,42.53,NYSE
"American Eagle Outfitters, Inc.",AEO,17.63,NYSE
"American Electric Power Company, Inc.",AEP,77.08,NYSE
Aercap Holdings N.V.,AER,52.06,NYSE
The AES Corporation,AES,10.86,NYSE
"Armstrong Flooring, Inc.",AFI,16.5,NYSE
Aflac Incorporated,AFL,88.48,NYSE
First Majestic Silver Corp.,AG,6.64,NYSE
AGCO Corporation,AGCO,72.49,NYSE
Alamos Gold Inc.,AGI,6.1,NYSE
Federal Agricultural Mortgage Corporation,AGM,71.38,NYSE
Assured Guaranty Ltd.,AGO,35.39,NYSE
"Avangrid, Inc.",AGR,52.52,NYSE
Adecoagro S.A.,AGRO,10.01,NYSE
"Argan, Inc.",AGX,43.7,NYSE
A.H. Belo Corporation,AHC,4.8,NYSE
"Armada Hoffler Properties, Inc.",AHH,15.6,NYSE
Aspen Insurance Holdings Limited,AHL,41.3,NYSE
"Ashford Hospitality Prime, Inc.",AHP,9.77,NYSE
Ashford Hospitality Trust Inc,AHT,6.67,NYSE
Arlington Asset Investment Corp,AI,12.18,NYSE
"American International Group, Inc.",AIG,59.79,NYSE
Albany International Corporation,AIN,61.55,NYSE
AAR Corp.,AIR,41.75,NYSE
"Applied Industrial Technologies, Inc.",AIT,63.15,NYSE
Apartment Investment and Management Company,AIV,44.26,NYSE
"Assurant, Inc.",AIZ,99.88,NYSE
Arthur J. Gallagher & Co.,AJG,65.48,NYSE
"Aerojet Rocketdyne Holdings, Inc.",AJRD,29.9,NYSE
Great Ajax Corp.,AJX,14.28,NYSE
Embotelladora Andina S.A.,AKO.A,24.24,NYSE
Embotelladora Andina S.A.,AKO.B,25.01,NYSE
Acadia Realty Trust,AKR,27.12,NYSE
AK Steel Holding Corporation,AKS,5.4,NYSE
Air Lease Corporation,AL,43.75,NYSE
"Alon USA Partners, LP",ALDW,15.95,NYSE
"Allete, Inc.",ALE,79.16,NYSE
"Alexander & Baldwin Holdings, Inc.",ALEX,28.68,NYSE
"Alaska Air Group, Inc.",ALK,69.72,NYSE
Allegion PLC,ALLE,82.17,NYSE
Ally Financial Inc.,ALLY,28.77,NYSE
"Allison Transmission Holdings, Inc.",ALSN,41.9,NYSE
Antero Midstream Partners LP,AM,29.08,NYSE
"Amber Road, Inc.",AMBR,7.32,NYSE
"AMC Entertainment Holdings, Inc.",AMC,15.25,NYSE
"AMTEK, Inc.",AME,71.91,NYSE
ANTERO MIDSTR,AMGP,18.82,NYSE
American Homes 4 Rent,AMH,21.84,NYSE
"American Midstream Partners, LP",AMID,13.1,NYSE
AMN Healthcare Services Inc,AMN,49.4,NYSE
"Ameresco, Inc.",AMRC,8.65,NYSE
"America Movil, S.A.B. de C.V.",AMX,17.19,NYSE
"AutoNation, Inc.",AN,55.45,NYSE
Tesoro Logistics LP,ANDX,46.18,NYSE
Abercrombie & Fitch Company,ANF,17.91,NYSE
Amira Nature Foods Ltd,ANFI,4.26,NYSE
Anworth Mortgage Asset  Corporation,ANH,5.58,NYSE
Aegean Marine Petroleum Network Inc.,ANW,4.25,NYSE
"Alliance One International, Inc.",AOI,13.25,NYSE
Smith (A.O.) Corporation,AOS,61.36,NYSE
Ampco-Pittsburgh Corporation,AP,13.05,NYSE
Apache Corporation,APA,40.19,NYSE
Artisan Partners Asset Management Inc.,APAM,39.8,NYSE
"Asia Pacific Fund, Inc (The)",APB,14.25,NYSE
Anadarko Petroleum Corporation,APC,48.3,NYSE
Morgan Stanley Asia Pacific Fund,APF,17.96,NYSE
Amphenol Corporation,APH,89.24,NYSE
"Apple Hospitality REIT, Inc.",APLE,19.56,NYSE
"Apollo Global Management, LLC",APO,32.38,NYSE
"Blue Apron Holdings, Inc.",APRN,3.85,NYSE
"Preferred Apartment Communities, Inc.",APTS,21.23,NYSE
Delphi Automotive PLC,APTV,85.89,NYSE
"AmeriGas Partners, L.P.",APU,45.78,NYSE
Aquantia Corp.,AQ,11,NYSE
Algonquin Power & Utilities Corp.,AQN,11.1,NYSE
Antero Resources Corporation,AR,19,NYSE
"American Renal Associates Holdings, Inc",ARA,15.56,NYSE
"ARC Document Solutions, Inc.",ARC,2.44,NYSE
Arch Coal Inc.,ARCH,86.86,NYSE
Arcos Dorados Holdings Inc.,ARCO,9.45,NYSE
Arc Logistic Partners LP,ARCX,16.44,NYSE
Ardagh Group S.A.,ARD,20.27,NYSE
Ares Management L.P.,ARES,18.5,NYSE
Apollo Commercial Real Estate Finance,ARI,18.66,NYSE
"American Realty Investors, Inc.",ARL,13.75,NYSE
Aramark,ARMK,42.92,NYSE
Arconic Inc.,ARNC,24.43,NYSE
"Archrock, Inc.",AROC,9.8,NYSE
"ARMOUR Residential REIT, Inc.",ARR,25.9,NYSE
"Arrow Electronics, Inc.",ARW,78.3,NYSE
ASA Gold and Precious Metals Limited,ASA,10.63,NYSE
Associated Banc-Corp,ASB,24.95,NYSE
Ardmore Shipping Corporation,ASC,7.75,NYSE
ALPS Liberty All-Star Growth Fund,ASG,5.3,NYSE
"On Assignment, Inc.",ASGN,62.92,NYSE
Ashland Global Holdings Inc.,ASH,70.72,NYSE
AdvanSix Inc.,ASIX,39.97,NYSE
"Aspen Aerogels, Inc.",ASPN,5.03,NYSE
"Advanced Semiconductor Engineering, Inc.",ASX,6.43,NYSE
Atlantic Power Corporation,AT,2.45,NYSE
"A10 Networks, Inc.",ATEN,7.71,NYSE
DeVry Education Group Inc.,ATGE,44.75,NYSE
Athene Holding Ltd.,ATH,51.16,NYSE
Autohome Inc.,ATHM,59.04,NYSE
Allegheny Technologies Incorporated,ATI,23.42,NYSE
Atkore International Group Inc.,ATKR,21.04,NYSE
Atmos Energy Corporation,ATO,91.91,NYSE
"AptarGroup, Inc.",ATR,87.28,NYSE
Atento S.A.,ATTO,9.75,NYSE
Actuant Corporation,ATU,26,NYSE
"Altice USA, Inc.",ATUS,19.21,NYSE
"Acorn International, Inc.",ATV,16.605,NYSE
AngloGold Ashanti Limited,AU,9.09,NYSE
AU Optronics Corp,AUO,4.23,NYSE
Yamana Gold Inc.,AUY,2.49,NYSE
Avista Corporation,AVA,51.58,NYSE
Grupo Aval Acciones y Valores S.A.,AVAL,8.3,NYSE
American Vanguard Corporation,AVD,18.65,NYSE
Avianca Holdings S.A.,AVH,8,NYSE
"Avon Products, Inc.",AVP,1.98,NYSE
"Avnet, Inc.",AVT,39.53,NYSE
AVX Corporation,AVX,17.29,NYSE
AllianceBernstein Global High Income Fund,AWF,12.75,NYSE
Armstrong World Industries Inc,AWI,60,NYSE
American Water Works,AWK,92.25,NYSE
American States Water Company,AWR,55.69,NYSE
Anixter International Inc.,AXE,70.1,NYSE
"American Axle & Manufacturing Holdings, Inc.",AXL,16.96,NYSE
American Express Company,AXP,99,NYSE
AMREP Corporation,AXR,7.039,NYSE
Axis Capital Holdings Limited,AXS,50.65,NYSE
Axalta Coating Systems Ltd.,AXTA,32.57,NYSE
Aircastle Limited,AYR,23.28,NYSE
"Alteryx, Inc.",AYX,28.02,NYSE
Astrazeneca PLC,AZN,33.12,NYSE
Azure Power Global Ltd.,AZRE,13.15,NYSE
AZUL SA,AZUL,24.29,NYSE
AZZ Inc.,AZZ,46.65,NYSE
"Barnes Group, Inc.",B,63.38,NYSE
Bank of America Corporation,BAC,28.94,NYSE
Booz Allen Hamilton Holding Corporation,BAH,38.37,NYSE
Braskem S.A.,BAK,26.74,NYSE
Brookfield Asset Management Inc,BAM,43.38,NYSE
"Banc of California, Inc.",BANC,20.95,NYSE
"Basic Energy Services, Inc.",BAS,22.78,NYSE
Baxter International Inc.,BAX,64.14,NYSE
BlackBerry Limited,BB,10.56,NYSE
Banco Bradesco SA,BBD,10,NYSE
Banco Bradesco SA,BBDO,9.2,NYSE
Bill Barrett Corporation,BBG,4.78,NYSE
BHP Billiton PLC,BBL,36.64,NYSE
BB&T Corporation,BBT,49.75,NYSE
Brookfield Business Partners L.P.,BBU,32.81,NYSE
Banco Bilbao Viscaya Argentaria S.A.,BBVA,8.53,NYSE
"Build-A-Bear Workshop, Inc.",BBW,8.45,NYSE
Bfc Financial Corporation,BBX,7.96,NYSE
"Best Buy Co., Inc.",BBY,63.62,NYSE
Brunswick Corporation,BC,55.81,NYSE
"Boise Cascade, L.L.C.",BCC,39.5,NYSE
"BCE, Inc.",BCE,48.65,NYSE
"Bonanza Creek Energy, Inc.",BCEI,28.58,NYSE
Banco De Chile,BCH,84,NYSE
Brink's Company (The),BCO,80.45,NYSE
Blue Capital Reinsurance Holdings Ltd.,BCRH,12.05,NYSE
Barclays PLC,BCS,10.57,NYSE
Belden Inc,BDC,82.38,NYSE
Brandywine Realty Trust,BDN,17.88,NYSE
Bright Scholar Education Holdings Ltd.,BEDU,18.39,NYSE
Belmond Ltd.,BEL,12.25,NYSE
"Franklin Resources, Inc.",BEN,44.1,NYSE
Brookfield Renewable Partners L.P.,BEP,32.95,NYSE
BPC Acquisition Corp,BERY,60.24,NYSE
"Amplify Snack Brands, inc.",BETR,6.48,NYSE
Brown Forman Corporation,BF.A,65.34,NYSE
Brown Forman Corporation,BF.B,65.94,NYSE
Bright Horizons Family Solutions Inc.,BFAM,91.77,NYSE
BBVA Banco Frances S.A.,BFR,22.6,NYSE
"Saul Centers, Inc.",BFS,62.12,NYSE
Bunge Limited,BG,69.67,NYSE
General Cable Corporation,BGC,29.8,NYSE
Briggs & Stratton Corporation,BGG,25.02,NYSE
"B&G Foods, Inc.",BGS,33,NYSE
"Benchmark Electronics, Inc.",BHE,29.45,NYSE
Baker Hughes Incorporated,BHGE,30.59,NYSE
"Berkshire Hills Bancorp, Inc.",BHLB,37.6,NYSE
BHP Billiton Limited,BHP,41.63,NYSE
BIOHAVEN PHARM,BHVN,21.7,NYSE
Sotheby's,BID,51.68,NYSE
"The Boulder Growth & Income Fund, Inc",BIF,10.75,NYSE
"Big Lots, Inc.",BIG,57.98,NYSE
BioAmber Inc.,BIOA,0.36,NYSE
Brookfield Infrastructure Partners LP,BIP,43.88,NYSE
Bitauto Holdings Limited,BITA,29.91,NYSE
Bank Of New York Mellon Corporation (The),BK,54.54,NYSE
Brookdale Senior Living Inc.,BKD,10.1,NYSE
"Buckle, Inc. (The)",BKE,22.6,NYSE
Black Hills Corporation,BKH,59.97,NYSE
"Black Knight Financial Services, Inc.",BKI,45.6,NYSE
Blackrock Investment Quality Municipal Trust,BKN,14.69,NYSE
"Barnes & Noble, Inc.",BKS,6.65,NYSE
"Blackrock Income Trust, Inc.",BKT,6.16,NYSE
"BankUnited, Inc.",BKU,39.75,NYSE
TopBuild Corp.,BLD,64.55,NYSE
Ball Corporation,BLL,39.6,NYSE
"Banco Latinoamericano de Comercio Exterior, S.A.",BLX,29.36,NYSE
"Badger Meter, Inc.",BMI,46.25,NYSE
Bank Of Montreal,BMO,78.36,NYSE
"Bemis Company, Inc.",BMS,46.98,NYSE
Bristol-Myers Squibb Company,BMY,63.02,NYSE
"Barnes & Noble Education, Inc",BNED,7.82,NYSE
Bank of Nova Scotia (The),BNS,64.74,NYSE
Bank of Hawaii Corporation,BOH,84,NYSE
"Boot Barn Holdings, Inc.",BOOT,15.07,NYSE
China New Borun Corporation,BORN,1.22,NYSE
"Box, Inc.",BOX,20.7,NYSE
BP p.l.c.,BP,39.93,NYSE
"Bridgepoint Education, Inc.",BPI,8.83,NYSE
Buckeye Partners L.P.,BPL,47.54,NYSE
BP Midstream Partners LP,BPMP,17.85,NYSE
BP Prudhoe Bay Royalty Trust,BPT,20.25,NYSE
"Broadridge Financial Solutions, Inc.",BR,89.8,NYSE
Brady Corporation,BRC,39.25,NYSE
BRF S.A.,BRFS,11.18,NYSE
"Brown & Brown, Inc.",BRO,51.6,NYSE
Bristow Group Inc,BRS,14.23,NYSE
"Global Brass and Copper Holdings, Inc.",BRSS,33.85,NYSE
BRT Realty Trust,BRT,11.16,NYSE
Brixmor Property Group Inc.,BRX,17.81,NYSE
Banco Santander Chile,BSAC,27.84,NYSE
Banco Santander Brasil SA,BSBR,9.65,NYSE
"Black Stone Minerals, L.P.",BSM,18.25,NYSE
Grupo Financiero Santander Mexico S.A. B. de C.V.,BSMX,7.72,NYSE
"BEST, Inc. Sponsored ADR",BSTI,9.57,NYSE
Boston Scientific Corporation,BSX,25.5,NYSE
BT Group PLC,BT,18.06,NYSE
Baytex Energy Corp,BTE,3.08,NYSE
British American Tobacco p.l.c.,BTI,67.15,NYSE
John Hancock Financial Opportunities Fund,BTO,37.3,NYSE
Peabody Energy Corporation,BTU,35.19,NYSE
Buenaventura Mining Company Inc.,BVN,12.81,NYSE
Babcock,BW,4.73,NYSE
BorgWarner Inc.,BWA,53.56,NYSE
Boardwalk Pipeline Partners L.P.,BWP,13.5,NYSE
"BWX Technologies, Inc.",BWXT,60.96,NYSE
The Blackstone Group L.P.,BX,32.17,NYSE
BlueLinx Holdings Inc.,BXC,9.93,NYSE
Bellatrix Exploration Ltd,BXE,1.5,NYSE
Bluegreen Vacations Corporation,BXG,16.11,NYSE
"Capital Trust, Inc.",BXMT,32.5,NYSE
"BancorpSouth, Inc.",BXS,32.8,NYSE
"Byline Bancorp, Inc.",BY,21.29,NYSE
Boyd Gaming Corporation,BYD,32.1,NYSE
"Beazer Homes USA, Inc.",BZH,19.28,NYSE
Citigroup Inc.,C,75.85,NYSE
"CalAtlantic Group, Inc.",CAA,54.99,NYSE
Cadence Bancorp,CADE,24.84,NYSE
CAE Inc,CAE,17.43,NYSE
Conagra Brands Inc.,CAG,37.24,NYSE
"Cardinal Health, Inc.",CAH,60.24,NYSE
"CAI International, Inc.",CAI,30.08,NYSE
"Canon, Inc.",CAJ,38.48,NYSE
"Caleres, Inc.",CAL,32.16,NYSE
"Calix, Inc",CALX,6.4,NYSE
CrossAmerica Partners LP,CAPL,23.98,NYSE
Cars.com Inc.,CARS,26.82,NYSE
Cato Corporation (The),CATO,15.49,NYSE
ClearBridge American Energy MLP Fund Inc.,CBA,8.06,NYSE
Cincinnati Bell Inc,CBB,20.8,NYSE
Companhia Brasileira de Distribuicao,CBD,22.66,NYSE
"CBRE Group, Inc.",CBG,43.35,NYSE
Chicago Bridge & Iron Company N.V.,CBI,18,NYSE
Christopher & Banks Corporation,CBK,1.22,NYSE
"CBL & Associates Properties, Inc.",CBL,5.5,NYSE
Cambrex Corporation,CBM,49.65,NYSE
"Continental Building Products, Inc.",CBPX,27.65,NYSE
CBS Corporation,CBS,57.68,NYSE
CBS Corporation,CBS.A,58.05,NYSE
Cabot Corporation,CBT,58.6,NYSE
"Community Bank System, Inc.",CBU,53.75,NYSE
"CBIZ, Inc.",CBZ,14.9,NYSE
Chemours Company (The),CC,48.14,NYSE
Calgon Carbon Corporation,CCC,21.4,NYSE
Coca-Cola European Partners PLC,CCE,39.29,NYSE
Cameco Corporation,CCJ,10.57,NYSE
"Crown Holdings, Inc.",CCK,58.62,NYSE
Carnival Corporation,CCL,67.03,NYSE
Concord Medical Services Holdings Limited,CCM,3.66,NYSE
"Clear Channel Outdoor Holdings, Inc.",CCO,4.15,NYSE
CNX Coal Resources LP,CCR,14.85,NYSE
"Century Communities, Inc.",CCS,30,NYSE
"Corporate Capital Trust, Inc.",CCT,18.08,NYSE
"Compania Cervecerias Unidas, S.A.",CCU,26.21,NYSE
"Coeur Mining, Inc.",CDE,7.1,NYSE
"Cedar Realty Trust, Inc.",CDR,6.12,NYSE
China Eastern Airlines Corporation Ltd.,CEA,29.97,NYSE
"The Central Europe, Russia and Turkey Fund Inc.",CEE,24.43,NYSE
CONSOL ENERGY,CEIX,29.5,NYSE
"Cellcom Israel, Ltd.",CEL,9.96,NYSE
"Cypress Energy Partners, L.P.",CELP,6.1484,NYSE
Crestwood Equity Partners LP,CEQP,25.75,NYSE
"CF Industries Holdings, Inc.",CF,39.4,NYSE
"Citizens Financial Group, Inc.",CFG,41.42,NYSE
"Cullen/Frost Bankers, Inc.",CFR,94.68,NYSE
Colfax Corporation,CFX,36.4,NYSE
"China Green Agriculture, Inc.",CGA,1.23,NYSE
CGG,CGG,4.49,NYSE
"Celadon Group, Inc.",CGI,6.35,NYSE
China Telecom Corp Ltd,CHA,48.4,NYSE
Community Healthcare Trust Incorporated,CHCT,26.89,NYSE
"Church & Dwight Company, Inc.",CHD,47.96,NYSE
"Chegg, Inc.",CHGG,15.03,NYSE
"Choice Hotels International, Inc.",CHH,77.5,NYSE
Chesapeake Energy Corporation,CHK,3.83,NYSE
Chesapeake Granite Wash Trust,CHKR,2.1,NYSE
China Mobile (Hong Kong) Ltd.,CHL,48.91,NYSE
Cherry Hill Mortgage Investment Corporation,CHMI,18.44,NYSE
"Chico's FAS, Inc.",CHS,9.07,NYSE
Chesapeake Lodging Trust,CHSP,27.96,NYSE
"Chunghwa Telecom Co., Ltd.",CHT,35.03,NYSE
China Unicom (Hong Kong) Ltd,CHU,13.59,NYSE
"Citizens, Inc.",CIA,7.58,NYSE
BanColombia S.A.,CIB,39.78,NYSE
Capitol Investment Corp. IV,CIC,9.69,NYSE
"Cobalt International Energy, Inc.",CIE,0.4,NYSE
Ciena Corporation,CIEN,21.77,NYSE
MFS Intermediate High Income Fund,CIF,2.72,NYSE
Comp En De Mn Cemig ADS,CIG,2.04,NYSE
Chimera Investment Corporation,CIM,18.83,NYSE
Ciner Resources LP,CINR,25.6,NYSE
"City Office REIT, Inc.",CIO,12.89,NYSE
"CIRCOR International, Inc.",CIR,46.24,NYSE
Capitol Acquisition Corp. III,CISN,11.72,NYSE
CIT Group Inc (DEL),CIT,51.07,NYSE
"Civitas Solutions, Inc.",CIVI,18.95,NYSE
"C&J Energy Services, Inc.",CJ,31.91,NYSE
"SEACOR Holdings, Inc.",CKH,46.36,NYSE
Colgate-Palmolive Company,CL,73.17,NYSE
Cloud Peak Energy Inc,CLD,4.38,NYSE
"Cloudera, Inc.",CLDR,16.92,NYSE
Chatham Lodging Trust (REIT),CLDT,22.65,NYSE
Cliffs Natural Resources Inc.,CLF,6.45,NYSE
"CoreLogic, Inc.",CLGX,45.64,NYSE
"Clean Harbors, Inc.",CLH,53.31,NYSE
Mack-Cali Realty Corporation,CLI,21.48,NYSE
"NorthStar Asset Management Group, Inc.",CLNS,12.21,NYSE
Clipper Realty Inc.,CLPR,10.02,NYSE
"Continental Resources, Inc.",CLR,48.07,NYSE
"Celestica, Inc.",CLS,10.36,NYSE
Clearwater Paper Corporation,CLW,44.5,NYSE
Canadian Imperial Bank of Commerce,CM,93.15,NYSE
Comerica Incorporated,CMA,84.67,NYSE
Commercial Metals Company,CMC,20.7,NYSE
Cheetah Mobile Inc.,CMCM,11.47,NYSE
Cantel Medical Corp.,CMD,98.24,NYSE
Capstead Mortgage Corporation,CMO,9.29,NYSE
"Compass Minerals International, Inc.",CMP,68.85,NYSE
Costamare Inc.,CMRE,5.64,NYSE
CMS Energy Corporation,CMS,50.09,NYSE
MFS High Yield Municipal Trust,CMU,4.739,NYSE
CNA Financial Corporation,CNA,53.27,NYSE
Centene Corporation,CNC,99.7,NYSE
Conduent Inc.,CNDT,15.45,NYSE
CNH Industrial N.V.,CNHI,13.05,NYSE
Canadian National Railway Company,CNI,79.89,NYSE
Cinemark Holdings Inc,CNK,36.35,NYSE
"Fidelity National Financial, Inc.",CNNE,17.03,NYSE
Cone Midstream Partners LP,CNNX,17,NYSE
"CNO Financial Group, Inc.",CNO,25.48,NYSE
"CenterPoint Energy, Inc.",CNP,28.85,NYSE
Canadian Natural Resources Limited,CNQ,34.61,NYSE
Cohen & Steers Inc,CNS,45.51,NYSE
CONSOL Energy Inc.,CNX,14.63,NYSE
China Cord Blood Corporation,CO,10.41,NYSE
Compass Diversified Holdings,CODI,16.9,NYSE
China Online Education Group,COE,10.91,NYSE
Capital One Financial Corporation,COF,95.97,NYSE
Cabot Oil & Gas Corporation,COG,28.33,NYSE
ConocoPhillips,COP,51.69,NYSE
"CorEnergy Infrastructure Trust, Inc.",CORR,36.46,NYSE
Cott Corporation,COT,17.54,NYSE
"Cotiviti Holdings, Inc.",COTV,32.11,NYSE
Coty Inc.,COTY,17.91,NYSE
Cementos Pacasmayo S.A.A.,CPAC,12.03,NYSE
Campbell Soup Company,CPB,48.55,NYSE
Callon Petroleum Company,CPE,10.99,NYSE
CPB Inc.,CPF,30.56,NYSE
Crescent Point Energy Corporation,CPG,7.18,NYSE
Chesapeake Utilities Corporation,CPK,82.7,NYSE
CPFL Energia S.A.,CPL,10.94,NYSE
Calpine Corporation,CPN,15.09,NYSE
Camden Property Trust,CPT,92.36,NYSE
Crane Company,CR,84.59,NYSE
California Resources Corporation,CRC,17.12,NYSE
"Care.com, Inc.",CRCM,19.07,NYSE
Crawford & Company,CRD.A,8.26,NYSE
Crawford & Company,CRD.B,9.8,NYSE
CRH PLC,CRH,35.43,NYSE
"Comstock Resources, Inc.",CRK,7.28,NYSE
"Carbo Ceramics, Inc.",CRR,10.14,NYSE
Carpenter Technology Corporation,CRS,50.65,NYSE
Cross Timbers Royalty Trust,CRT,14.4,NYSE
"CryoLife, Inc.",CRY,19.15,NYSE
Credit Suisse Group,CS,17.43,NYSE
"Castlight Health, inc.",CSLT,3.75,NYSE
CSRA Inc.,CSRA,29.37,NYSE
"CSS Industries, Inc.",CSS,27.09,NYSE
Constellium N.V.,CSTM,10.2,NYSE
Capital Senior Living Corporation,CSU,14.8,NYSE
"Carriage Services, Inc.",CSV,26.34,NYSE
Cooper Tire & Rubber Company,CTB,34.65,NYSE
"CenturyLink, Inc.",CTL,15.87,NYSE
"Catalent, Inc.",CTLT,39.74,NYSE
CTS Corporation,CTS,25.8,NYSE
"CatchMark Timber Trust, Inc.",CTT,13.06,NYSE
Cubic Corporation,CUB,57.85,NYSE
CubeSmart,CUBE,29.28,NYSE
"Customers Bancorp, Inc",CUBI,26.59,NYSE
"Barracuda Networks, Inc.",CUDA,27.61,NYSE
Carnival Corporation,CUK,66.92,NYSE
"Culp, Inc.",CULP,32.5,NYSE
Cousins Properties Incorporated,CUZ,9.42,NYSE
Covanta Holding Corporation,CVA,14.85,NYSE
Cenovus Energy Inc,CVE,9.58,NYSE
Civeo Corporation,CVEO,2.23,NYSE
Convergys Corporation,CVG,23.66,NYSE
CVR Energy Inc.,CVI,34.38,NYSE
Carvana Co.,CVNA,20.67,NYSE
"CVR Refining, LP",CVRR,13.4,NYSE
CVS Health Corporation,CVS,73.08,NYSE
Camping World Holdings Inc.,CWH,46.29,NYSE
California Water  Service Group Holding,CWT,43.3,NYSE
Cemex S.A.B. de C.V.,CX,7.49,NYSE
MFS High Income Municipal Trust,CXE,5.43,NYSE
MFS Investment Grade Municipal Trust,CXH,9.73,NYSE
"Columbia Property Trust, Inc.",CXP,22.01,NYSE
Corrections Corp. of America,CXW,22.08,NYSE
China Yuchai International Limited,CYD,25.22,NYSE
"Community Health Systems, Inc.",CYH,4.35,NYSE
"CYS Investments, Inc.",CYS,8.27,NYSE
Cosan Limited,CZZ,9.24,NYSE
Dominion Energy Inc.,D,84.14,NYSE
Danaos Corporation,DAC,1.4,NYSE
"Delta Air Lines, Inc.",DAL,54.37,NYSE
Dana Incorporated,DAN,31.84,NYSE
Darling Ingredients Inc.,DAR,17.55,NYSE
"Tableau Software, Inc.",DATA,71.19,NYSE
Deutsche Bank AG,DB,19.3,NYSE
"Diebold, Incorporated",DBD,18.65,NYSE
"Donaldson Company, Inc.",DCI,49.32,NYSE
"NTT DOCOMO, Inc",DCM,25.59,NYSE
Ducommun Incorporated,DCO,27.07,NYSE
"DCP Midstream Partners, LP",DCP,37.06,NYSE
DCT Industrial Trust Inc,DCT,59.23,NYSE
3D Systems Corporation,DDD,9.51,NYSE
Dover Downs Gaming & Entertainment Inc,DDE,1.0199,NYSE
"Delaware InvestmentsDividend and Income Fund, Inc",DDF,10.82,NYSE
DDR Corp.,DDR,7.51,NYSE
"Dillard's, Inc.",DDS,57.98,NYSE
"Easterly Government Properties, Inc.",DEA,21.78,NYSE
Deckers Outdoor Corporation,DECK,77.04,NYSE
"Douglas Emmett, Inc.",DEI,40.44,NYSE
Deltic Timber Corporation,DEL,90.74,NYSE
Despegar.com Corp.,DESP,26.03,NYSE
Dean Foods Company,DF,11.31,NYSE
Donnelley Financial Solutions Inc.,DFIN,20,NYSE
Discover Financial Services,DFS,74.35,NYSE
Dollar General Corporation,DG,93.35,NYSE
"DigitalGlobe, Inc",DGI,34.4,NYSE
Quest Diagnostics Incorporated,DGX,97.1,NYSE
Dreyfus High Yield Strategies Fund,DHF,3.29,NYSE
"D.R. Horton, Inc.",DHI,50.47,NYSE
Danaher Corporation,DHR,93.21,NYSE
"DHT Holdings, Inc.",DHT,3.68,NYSE
"DHI Group, Inc.",DHX,1.85,NYSE
"DineEquity, Inc",DIN,51.39,NYSE
"Delek US Holdings, Inc.",DK,32.59,NYSE
"Delek Logistics Partners, L.P.",DKL,30.05,NYSE
Dick's Sporting Goods Inc,DKS,29.87,NYSE
China Distance Education Holdings Limited,DL,9.64,NYSE
Dolby Laboratories,DLB,61.89,NYSE
Dynagas LNG Partners LP,DLNG,11.4,NYSE
Deluxe Corporation,DLX,72.11,NYSE
"Dominion Midstream Partners, LP",DM,31.7,NYSE
Dividend and Income Fund,DNI,13.78,NYSE
NOW Inc.,DNOW,10.57,NYSE
DNP Select Income Fund Inc,DNP,11.4,NYSE
Denbury Resources Inc.,DNR,1.72,NYSE
"Diamond Offshore Drilling, Inc.",DO,16.74,NYSE
Physicians Realty Trust,DOC,18.04,NYSE
Masonite International Corporation,DOOR,70.7,NYSE
Dover Corporation,DOV,96.78,NYSE
"Diplomat Pharmacy, Inc.",DPLO,19.44,NYSE
"Dr Pepper Snapple Group, Inc",DPS,94.52,NYSE
DAQO New Energy Corp.,DQ,52.2,NYSE
DRDGOLD Limited,DRD,2.98,NYSE
Duke Realty Corporation,DRE,27.71,NYSE
Diamondrock Hospitality Company,DRH,11.23,NYSE
"Darden Restaurants, Inc.",DRI,86.55,NYSE
"Dril-Quip, Inc.",DRQ,45.25,NYSE
Drive Shack Inc.,DS,5.7,NYSE
"Dreyfus Strategic Municipal Bond Fund, Inc",DSM,8.47,NYSE
"DST Systems, Inc.",DST,61.23,NYSE
"Blackrock Debt Strategies Fund, Inc.",DSU,11.61,NYSE
DSW Inc.,DSW,22.1,NYSE
Diana Shipping inc.,DSX,4.12,NYSE
"DTF Tax-Free Income, Inc",DTF,14.23,NYSE
Duff & Phelps Utility and Corporate Bond Trust Inc,DUC,8.93,NYSE
Duke Energy Corporation,DUK,88.37,NYSE
DaVita HealthCare Partners Inc.,DVA,69.51,NYSE
"Dover Motorsports, Inc.",DVD,2.05,NYSE
Dell Technologies Inc.,DVMT,79.29,NYSE
Devon Energy Corporation,DVN,38.49,NYSE
Dow Chemical Company (The),DWDP,70.81,NYSE
"Dynex Capital, Inc.",DX,7.16,NYSE
DXC Technology Company.,DXC,95.77,NYSE
Dynegy Inc.,DYN,11.55,NYSE
ENI S.p.A.,E,32.95,NYSE
Ellington Residential Mortgage REIT,EARN,12.85,NYSE
"Brinker International, Inc.",EAT,38.37,NYSE
"Ennis, Inc.",EBF,19.6,NYSE
Centrais El?tricas Brasileiras SA,EBR,5.72,NYSE
Eletrobras,EBR.B,6.38,NYSE
"Emergent Biosolutions, Inc.",EBS,44.12,NYSE
Ecopetrol S.A.,EC,12.43,NYSE
Encana Corporation,ECA,11.76,NYSE
Eagle Point Credit Company Inc.,ECC,18.5,NYSE
ChannelAdvisor Corporation,ECOM,8.65,NYSE
Eclipse Resources Corporation,ECR,2.28,NYSE
ECA Marcellus Trust I,ECT,2.1,NYSE
Consolidated Edison Inc,ED,89.66,NYSE
Empresa Distribuidora Y Comercializadora Norte S.A. (Edenor),EDN,48.6,NYSE
Education Realty Trust Inc.,EDR,36,NYSE
"New Oriental Education & Technology Group, Inc.",EDU,90.24,NYSE
El Paso Electric Company,EE,58.8,NYSE
"DWS Investments The European Equity Fund, Inc (The)",EEA,9.79,NYSE
"Enbridge Energy, L.P.",EEP,14.45,NYSE
Enbridge Energy Management LLC,EEQ,13.72,NYSE
"Emerald Expositions Events, Inc.",EEX,19.86,NYSE
Ellington Financial LLC,EFC,14.88,NYSE
"Engility Holdings, Inc.",EGL,27.41,NYSE
Energen Corporation,EGN,54.73,NYSE
Eldorado Gold Corporation,EGO,1.24,NYSE
"EastGroup Properties, Inc.",EGP,90.69,NYSE
Vaalco Energy Inc,EGY,0.79,NYSE
eHi Car Services Limited,EHIC,11.25,NYSE
Employers Holdings Inc,EIG,47.25,NYSE
Edison International,EIX,72.98,NYSE
e.l.f. Beauty Inc.,ELF,21.74,NYSE
"Ellie Mae, Inc.",ELLI,89.72,NYSE
Companhia Paranaense de Energia (COPEL),ELP,6.96,NYSE
"Equity Lifestyle Properties, Inc.",ELS,91.26,NYSE
"Elevate Credit, Inc.",ELVT,7.2,NYSE
Callaway Golf Company,ELY,14.41,NYSE
"EMCOR Group, Inc.",EME,81.08,NYSE
Emerge Energy Services LP,EMES,7.34,NYSE
Templeton Emerging Markets Fund,EMF,17.13,NYSE
Eastman Chemical Company,EMN,92.8,NYSE
Emerson Electric Company,EMR,66.41,NYSE
Enbridge Inc,ENB,38.55,NYSE
"Enable Midstream Partners, LP",ENBL,14.85,NYSE
Enersis Americas S.A.,ENIA,9.93,NYSE
Enersis Chile S.A.,ENIC,5.19,NYSE
"EnLink Midstream, LLC",ENLC,16.95,NYSE
"EnLink Midstream Partners, LP",ENLK,15.51,NYSE
"Energizer Holdings, Inc.",ENR,48.35,NYSE
Enersys,ENS,67.74,NYSE
"Envestnet, Inc",ENV,50.05,NYSE
"Enova International, Inc.",ENVA,15.2,NYSE
"Enzo Biochem, Inc.",ENZ,8.93,NYSE
Empresa Nacional de Electricidad S.A.,EOCC,24.37,NYSE
"Energizer Holdings, Inc.",EPC,59.69,NYSE
Enterprise Products Partners L.P.,EPD,25.49,NYSE
EP Energy Corporation,EPE,1.59,NYSE
EPR Properties,EPR,67.2,NYSE
Equity Commonwealth,EQC,30.16,NYSE
"EQT GP Holdings, LP",EQGP,25.59,NYSE
"EQT Midstream Partners, LP",EQM,70.68,NYSE
Equity Residential,EQR,65.92,NYSE
"Equus Total Return, Inc.",EQS,2.39,NYSE
EQT Corporation,EQT,57.13,NYSE
"Era Group, Inc.",ERA,9.5,NYSE
Enerplus Corporation,ERF,8.99,NYSE
Embraer-Empresa Brasileira de Aeronautica,ERJ,20.26,NYSE
Eros International PLC,EROS,10.95,NYSE
Eversource Energy,ES,65.7,NYSE
ESCO Technologies Inc.,ESE,61.55,NYSE
Esterline Technologies Corporation,ESL,70.8,NYSE
Essent Group Ltd.,ESNT,46.76,NYSE
"Empire State Realty Trust, Inc.",ESRT,20.38,NYSE
"Earthstone Energy, Inc.",ESTE,9.74,NYSE
ENSCO PLC,ESV,5.69,NYSE
"Energy Transfer Equity, L.P.",ETE,16.03,NYSE
Ethan Allen Interiors Inc.,ETH,28.5,NYSE
Entercom Communications Corporation,ETM,10.95,NYSE
"Eaton Corporation, PLC",ETN,77.77,NYSE
Sunoco Logistics Partners LP,ETP,16.61,NYSE
Entergy Corporation,ETR,84.58,NYSE
Euronav NV,EURN,8.1,NYSE
Eaton Vance Corporation,EV,56.57,NYSE
"Enviva Partners, LP",EVA,27.55,NYSE
Entravision Communications Corporation,EVC,7.6,NYSE
"Evolent Health, Inc",EVH,12.9,NYSE
Envision Healthcare Corporation,EVHC,32.9,NYSE
Eaton Vance Municipal Income Trust,EVN,12.38,NYSE
Evercore Inc,EVR,89.25,NYSE
Everi Holdings Inc.,EVRI,7.68,NYSE
"Evertec, Inc.",EVTC,13.25,NYSE
Exelon Corporation,EXC,41.92,NYSE
Endeavour Silver Corporation,EXK,2.05,NYSE
"Express, Inc.",EXPR,11.17,NYSE
Extra Space Storage Inc,EXR,87.82,NYSE
Exterran Corporation,EXTN,29.98,NYSE
Ford Motor Company,F,12.58,NYSE
First Acceptance Corporation,FAC,1.2471,NYSE
First American Corporation (The),FAF,56.54,NYSE
"Flagstar Bancorp, Inc.",FBC,37.44,NYSE
"Fortune Brands Home & Security, Inc.",FBHS,68.12,NYSE
FB Financial Corporation,FBK,42.97,NYSE
"Foundation Building Materials, Inc.",FBM,14.74,NYSE
First BanCorp.,FBP,5.09,NYSE
Fibria Celulose S.A.,FBR,14.12,NYSE
Franklin Covey Company,FC,18.4,NYSE
Fiat Chrysler Automobiles N.V.,FCAU,17.89,NYSE
"FCB Financial Holdings, Inc.",FCB,51.15,NYSE
"Forest City Realty Trust, Inc.",FCE.A,24.15,NYSE
First Commonwealth Financial Corporation,FCF,14.67,NYSE
"First Cash, Inc.",FCFS,67.85,NYSE
"FTI Consulting, Inc.",FCN,43.06,NYSE
"Four Corners Property Trust, Inc.",FCPT,25.69,NYSE
"Freeport-McMoran, Inc.",FCX,15.02,NYSE
First Data Corporation,FDC,16.42,NYSE
"Fresh Del Monte Produce, Inc.",FDP,47.21,NYSE
FirstEnergy Corporation,FE,33.14,NYSE
Four Seasons Education (Cayman) Inc. Unsponsored ADR,FEDU,10.03,NYSE
Foresight Energy LP,FELP,4.12,NYSE
Phoenix New Media Limited,FENG,6.77,NYSE
"Forum Energy Technologies, Inc.",FET,14.5,NYSE
FutureFuel Corp.,FF,14.36,NYSE
"FBL Financial Group, Inc.",FFG,70.85,NYSE
"Ferrellgas Partners, L.P.",FGP,4.27,NYSE
First Horizon National Corporation,FHN,19.72,NYSE
Frank's International N.V.,FI,6.05,NYSE
Fortress Investment Group LLC,FIG,7.85,NYSE
"Federated Investors, Inc.",FII,34.21,NYSE
"Fidelity National Information Services, Inc.",FIS,95.71,NYSE
"Fitbit, Inc.",FIT,7.14,NYSE
"Comfort Systems USA, Inc.",FIX,43.05,NYSE
"Foot Locker, Inc.",FL,44.41,NYSE
"Flowers Foods, Inc.",FLO,20.18,NYSE
"SPX FLOW, Inc.",FLOW,45.99,NYSE
Fluor Corporation,FLR,50.13,NYSE
Flowserve Corporation,FLS,41.59,NYSE
Fly Leasing Limited,FLY,13.26,NYSE
FMC Corporation,FMC,89.64,NYSE
Fresenius Medical Care Corporation,FMS,51.59,NYSE
Fairmount Santrol Holdings Inc.,FMSA,5.04,NYSE
Fomento Economico Mexicano S.A.B. de C.V.,FMX,94.44,NYSE
Fabrinet,FN,30.25,NYSE
F.N.B. Corporation,FNB,13.91,NYSE
"Floor & Decor Holdings, Inc.",FND,44.25,NYSE
"Fidelity National Financial, Inc.",FNF,40.63,NYSE
Franco-Nevada Corporation,FNV,76.36,NYSE
Ferro Corporation,FOE,23.39,NYSE
Forestar Group Inc,FOR,21.55,NYSE
"Five Point Holdings, LLC",FPH,14.2,NYSE
Farmland Partners Inc.,FPI,8.99,NYSE
"First Industrial Realty Trust, Inc.",FR,32.21,NYSE
"Keane Group, Inc.",FRAC,15.08,NYSE
FIRST REPUBLIC BANK,FRC,91.69,NYSE
Frontline Ltd.,FRO,4.97,NYSE
"Franklin Financial Network, Inc.",FSB,33.6,NYSE
FS Investment Corporation,FSIC,7.85,NYSE
Fortuna Silver Mines Inc.,FSM,4.52,NYSE
Federal Signal Corporation,FSS,19.93,NYSE
Franklin Universal Trust,FT,7.27,NYSE
Fortress Transportation and Infrastructure Investors LLC,FTAI,18.08,NYSE
"FMC Technologies, Inc.",FTI,28.59,NYSE
"Flotek Industries, Inc.",FTK,4.84,NYSE
Fortis Inc.,FTS,36.81,NYSE
Fortive Corporation,FTV,73.01,NYSE
H. B. Fuller Company,FUL,53.69,NYSE
"Cedar Fair, L.P.",FUN,67.24,NYSE
Genpact Limited,G,32.12,NYSE
The Gabelli Equity Trust Inc,GAB,6.22,NYSE
"General American Investors Company, Inc",GAM,33.56,NYSE
GATX Corporation,GATX,61.26,NYSE
"Gamco Investors, Inc.",GBL,29.29,NYSE
"Greenbrier Companies, Inc. (The)",GBX,50.1,NYSE
"GAIN Capital Holdings, Inc.",GCAP,7.28,NYSE
"Aberdeen Greater China Fund, Inc.",GCH,12.3699,NYSE
"Gannett Co., Inc.",GCI,11.16,NYSE
Genesco Inc.,GCO,30.35,NYSE
GCP Applied Technologies Inc.,GCP,32,NYSE
The Gabelli Convertible and Income Securities Fund Inc,GCV,5.66,NYSE
GoDaddy Inc.,GDDY,48.95,NYSE
"Gardner Denver Holdings, Inc.",GDI,32.03,NYSE
Green Dot Corporation,GDOT,61.38,NYSE
General Electric Company,GE,17.65,NYSE
Greif Bros. Corporation,GEF,62.84,NYSE
Greif Bros. Corporation,GEF.B,68.3,NYSE
"Genesis Energy, L.P.",GEL,23.3,NYSE
"Genesis Healthcare, Inc.",GEN,0.7311,NYSE
Geo Group Inc (The),GEO,23.9,NYSE
"Guess?, Inc.",GES,16.93,NYSE
Gafisa SA,GFA,12.43,NYSE
Griffon Corporation,GFF,21.05,NYSE
Gold Fields Limited,GFI,3.8,NYSE
Goldcorp Inc.,GG,11.84,NYSE
Gerdau S.A.,GGB,3.51,NYSE
"General Growth Properties, Inc.",GGP,23.39,NYSE
The Gabelli Multimedia Trust Inc,GGT,8.61,NYSE
"Greenhill & Co., Inc.",GHL,18.9,NYSE
Graham Corporation,GHM,19.46,NYSE
"CGI Group, Inc.",GIB,52.9,NYSE
"Gildan Activewear, Inc.",GIL,32.02,NYSE
Templeton Global Income Fund,GIM,6.56,NYSE
Gigamon Inc.,GIMO,38.5,NYSE
"General Mills, Inc.",GIS,55.89,NYSE
Glaukos Corporation,GKOS,24.85,NYSE
Globant S.A.,GLOB,40.75,NYSE
GasLog LP.,GLOG,19,NYSE
GasLog Partners LP,GLOP,22.6,NYSE
Global Partners LP,GLP,17.25,NYSE
Glatfelter,GLT,19.79,NYSE
Corning Incorporated,GLW,32.57,NYSE
General Motors Company,GM,41.67,NYSE
Gamestop Corporation,GME,19.07,NYSE
"Globus Medical, Inc.",GMED,38.53,NYSE
Global Medical REIT Inc.,GMRE,8.79,NYSE
GMS Inc.,GMS,38.97,NYSE
"GNC Holdings, Inc.",GNC,5.14,NYSE
Genie Energy Ltd.,GNE,4.49,NYSE
Genco Shipping & Trading Limited Warrants Expiring 12/31/2021,GNK,12.01,NYSE
"Global Net Lease, Inc.",GNL,21.09,NYSE
Generac Holdlings Inc.,GNRC,49.28,NYSE
"Gener8 Maritime, Inc.",GNRT,4.19,NYSE
Genworth Financial Inc,GNW,3.4,NYSE
Gol Linhas Aereas Inteligentes S.A.,GOL,8.48,NYSE
Acushnet Holdings Corp.,GOLF,19.94,NYSE
Canada Goose Holdings Inc.,GOOS,28.26,NYSE
Genuine Parts Company,GPC,93.49,NYSE
"Group 1 Automotive, Inc.",GPI,80.63,NYSE
Graphic Packaging Holding Company,GPK,15.44,NYSE
Granite Point Mortgage Trust Inc.,GPMT,17.76,NYSE
Geopark Ltd,GPRK,8.78,NYSE
"Gap, Inc. (The)",GPS,33.6,NYSE
Gramercy Property Trust,GPT,27.73,NYSE
GP Strategies Corporation,GPX,22.95,NYSE
W.R. Grace & Co.,GRA,70.49,NYSE
Grana y Montero S.A.A.,GRAM,3.14,NYSE
Gorman-Rupp Company (The),GRC,30.83,NYSE
Granite Real Estate Inc.,GRP.U,38.77,NYSE
"Aberdeen The Asia Tigers Fund, Inc",GRR,12.44,NYSE
GrubHub Inc.,GRUB,70.34,NYSE
"Goldman Sachs BDC, Inc.",GSBD,21.96,NYSE
Guangshen Railway Company Limited,GSH,29.87,NYSE
GlaxoSmithKline PLC,GSK,35.31,NYSE
"Global Ship Lease, Inc.",GSL,1.145,NYSE
"Gray Television, Inc.",GTN,14.6,NYSE
"Gray Television, Inc.",GTN.A,12.95,NYSE
Triple-S Management Corporation,GTS,26.37,NYSE
"GTT Communications, Inc.",GTT,39.8,NYSE
Getty Realty Corporation,GTY,28.1,NYSE
Granite Construction Incorporated,GVA,63.32,NYSE
"Great Western Bancorp, Inc.",GWB,39.74,NYSE
"Genesee & Wyoming, Inc.",GWR,76.98,NYSE
"Guidewire Software, Inc.",GWRE,73.56,NYSE
Great Plains Energy Inc,GXP,34.7,NYSE
Gazit-Globe Ltd.,GZT,10.11,NYSE
Hyatt Hotels Corporation,H,71.9,NYSE
Haemonetics Corporation,HAE,56.62,NYSE
Halliburton Company,HAL,45.16,NYSE
"Hannon Armstrong Sustainable Infrastructure Capital, Inc.",HASI,23.24,NYSE
Hamilton Beach Brands Holding Company,HBB,26.06,NYSE
Hanesbrands Inc.,HBI,20.65,NYSE
HudBay Minerals Inc,HBM,7.25,NYSE
"HCA Holdings, Inc.",HCA,84.97,NYSE
Warrior Met Coal Inc.,HCC,24.13,NYSE
"HC2 Holdings, Inc.",HCHC,5.58,NYSE
"HCI Group, Inc.",HCI,30.57,NYSE
Hi-Crush Partners LP,HCLP,11.3,NYSE
Welltower Inc.,HCN,65.92,NYSE
"HCP, Inc.",HCP,26.72,NYSE
HDFC Bank Limited,HDB,96.98,NYSE
"Hawaiian Electric Industries, Inc.",HE,37.85,NYSE
Heico Corporation,HEI,90.76,NYSE
Heico Corporation,HEI.A,75,NYSE
"Holly Energy Partners, L.P.",HEP,33.75,NYSE
Hess Corporation,HES,45.76,NYSE
Hess Midstream Partners LP,HESM,21,NYSE
"HFF, Inc.",HF,45.88,NYSE
HollyFrontier Corporation,HFC,46.61,NYSE
Hugoton Royalty Trust,HGT,1.4,NYSE
Hilton Grand Vacations Inc.,HGV,42.69,NYSE
"Harte-Hanks, Inc.",HHS,0.9741,NYSE
Hillenbrand Inc,HI,45.1,NYSE
"InfraREIT, Inc.",HIFR,20.18,NYSE
"Hartford Financial Services Group, Inc. (The)",HIG,55.42,NYSE
"Hill International, Inc.",HIL,5.35,NYSE
"Aerohive Networks, Inc.",HIVE,5.55,NYSE
"Highwoods Properties, Inc.",HIW,51.55,NYSE
Halcon Resources Corporation,HK,7.66,NYSE
Hecla Mining Company,HL,3.62,NYSE
Herbalife LTD.,HLF,69.81,NYSE
"Houlihan Lokey, Inc.",HLI,45.06,NYSE
HealthSouth Corporation,HLS,48.83,NYSE
Hilton Worldwide Holdings Inc.,HLT,77.47,NYSE
"Helix Energy Solutions Group, Inc.",HLX,6.71,NYSE
"Honda Motor Company, Ltd.",HMC,33.33,NYSE
Hoegh LNG Partners LP,HMLP,17.45,NYSE
Horace Mann Educators Corporation,HMN,44.35,NYSE
Harmony Gold Mining Company Limited,HMY,1.69,NYSE
HNI Corporation,HNI,34.06,NYSE
"Huaneng Power International, Inc.",HNP,25.05,NYSE
"Harley-Davidson, Inc.",HOG,50.79,NYSE
At Home Group Inc.,HOME,28.97,NYSE
Hornbeck Offshore Services,HOS,2.79,NYSE
Hovnanian Enterprises Inc,HOV,2.52,NYSE
"Helmerich & Payne, Inc.",HP,58.44,NYSE
Hewlett Packard Enterprise Company,HPE,14.58,NYSE
"Hudson Pacific Properties, Inc.",HPP,34.69,NYSE
HP Inc.,HPQ,21.3,NYSE
Tekla Healthcare Investors,HQH,22.35,NYSE
Tekla Life Sciences Investors,HQL,19.05,NYSE
Healthcare Realty Trust Incorporated,HR,32.48,NYSE
"H&R Block, Inc.",HRB,27.5,NYSE
Hill-Rom Holdings Inc,HRC,82.84,NYSE
"HRG Group, Inc.",HRG,16.87,NYSE
Herc Holdings Inc.,HRI,61.4,NYSE
Hormel Foods Corporation,HRL,36.99,NYSE
"Heritage Insurance Holdings, Inc.",HRTG,17.4,NYSE
HSBC Holdings PLC,HSBC,50.2,NYSE
Harsco Corporation,HSC,17.5,NYSE
"Host Hotels & Resorts, Inc.",HST,19.83,NYSE
Hersha Hospitality Trust,HT,17.53,NYSE
"Healthcare Trust of America, Inc.",HTA,30.58,NYSE
"Hercules Capital, Inc.",HTGC,13.25,NYSE
Hilltop Holdings Inc.,HTH,23.59,NYSE
"Hertz Global Holdings, Inc",HTZ,21.47,NYSE
"HubSpot, Inc.",HUBS,83.4,NYSE
Huntsman Corporation,HUN,31.07,NYSE
"Haverty Furniture Companies, Inc.",HVT,23.7,NYSE
Hexcel Corporation,HXL,59.34,NYSE
"Hyster-Yale Materials Handling, Inc.",HY,83.58,NYSE
New America High Income Fund,HYB,9.49,NYSE
"Halyard Health, Inc.",HYH,46.89,NYSE
Horizon Global Corporation,HZN,13.65,NYSE
"MarineMax, Inc.",HZO,21.3,NYSE
Intelsat S.A.,I,3.24,NYSE
Iamgold Corporation,IAG,5.23,NYSE
"Industrias Bachoco, S.A. de C.V.",IBA,58.48,NYSE
ICICI Bank Limited,IBN,9.71,NYSE
"Installed Building Products, Inc.",IBP,71.1,NYSE
Morgan Stanley Income Securities Fund,ICB,18.18,NYSE
"Independence Contract Drilling, Inc.",ICD,3.57,NYSE
Intercontinental Exchange Inc.,ICE,70.81,NYSE
Israel Chemicals Shs,ICL,4.06,NYSE
"IDACORP, Inc.",IDA,96.75,NYSE
IDT Corporation,IDT,11.14,NYSE
"Aberdeen The India Fund, Inc (The)",IFN,27.5,NYSE
International Game Technology,IGT,27.4,NYSE
Independence Holding Company,IHC,27.35,NYSE
Intercontinental Hotels Group,IHG,59.59,NYSE
Morgan Stanley India Investment Fund,IIF,35.98,NYSE
Invesco Value Municipal Income Trust,IIM,14.94,NYSE
"Innovative Industrial Properties, Inc.",IIPR,20.8,NYSE
Imax Corporation,IMAX,24.9,NYSE
Brookfield Global Listed Infrastructure Income Fund Inc.,INF,13.19,NYSE
Infosys Limited,INFY,15.86,NYSE
"ING Group, N.V.",ING,18.51,NYSE
"Summit Hotel Properties, Inc.",INN,14.94,NYSE
Cutwater Select Income Fund,INSI,19.93,NYSE
"Instructure, Inc.",INST,33.25,NYSE
International Seaways Inc.,INSW,16.77,NYSE
World Fuel Services Corporation,INT,27.69,NYSE
Invitation Home Inc.,INVH,23.67,NYSE
InterXion Holding N.V.,INXN,57.18,NYSE
Ion Geophysical Corporation,IO,13.45,NYSE
International Paper Company,IP,57.32,NYSE
"Interpublic Group of Companies, Inc. (The)",IPG,20.2,NYSE
Inphi Corporation,IPHI,37.17,NYSE
"Intrepid Potash, Inc",IPI,3.74,NYSE
Social Capital Hedosophia Holdings Corp.,IPOA,9.9,NYSE
Invesco Quality Municipal Income Trust,IQI,12.58,NYSE
Ingersoll-Rand PLC (Ireland),IR,87.82,NYSE
Investors Real Estate Trust,IRET,5.88,NYSE
"New Ireland Fund, Inc (The)",IRL,12.84,NYSE
Iron Mountain Incorporated,IRM,40.7,NYSE
IRSA Inversiones Y Representaciones S.A.,IRS,29.83,NYSE
"Independence Realty Trust, Inc.",IRT,10.14,NYSE
Ita? CorpBanca,ITCB,11.33,NYSE
"Investment Technology Group, Inc.",ITG,18.87,NYSE
Integer Holdings Corporation,ITGR,45.85,NYSE
ITT Inc.,ITT,52.5,NYSE
Itau Unibanco Banco Holding SA,ITUB,12.9,NYSE
Invacare Corporation,IVC,17,NYSE
INVESCO MORTGAGE CAPITAL INC,IVR,18.21,NYSE
Invesco PLC,IVZ,37.39,NYSE
Orix Corp Ads,IX,83.84,NYSE
Jagged Peak Energy Inc.,JAG,14.5,NYSE
"J. Alexander's Holdings, Inc.",JAX,10.1,NYSE
JBG SMITH Properties,JBGS,34.22,NYSE
"Jabil Circuit, Inc.",JBL,28.4,NYSE
"Jernigan Capital, Inc.",JCAP,20.26,NYSE
Johnson Controls International PLC,JCI,37.71,NYSE
"J.C. Penney Company, Inc. Holding Company",JCP,3.2,NYSE
"Just Energy Group, Inc.",JE,4.16,NYSE
Jacobs Engineering Group Inc.,JEC,68.38,NYSE
"JELD-WEN Holding, Inc.",JELD,38.26,NYSE
"Japan Equity Fund, Inc",JEQ,9.4025,NYSE
"Janus Capital Group, Inc",JHG,36.82,NYSE
John Hancock Investors Trust,JHI,17.23,NYSE
Income Securities Trust,JHS,14.66,NYSE
James Hardie Industries PLC.,JHX,16.66,NYSE
"J.Jill, Inc.",JILL,7.21,NYSE
JinkoSolar Holding Company Limited,JKS,25.6,NYSE
Jumei International Holding Limited,JMEI,2.91,NYSE
Nuveen Multi-Market Income Fund,JMM,7.5,NYSE
JMP Group LLC,JMP,5.49,NYSE
"Juniper Networks, Inc.",JNPR,28.39,NYSE
St. Joe Company (The),JOE,18.6,NYSE
"Japan Smaller Capitalization Fund, Inc",JOF,13.72,NYSE
"Jones Energy, Inc.",JONE,0.8301,NYSE
Jupai Holdings Limited,JP,16.97,NYSE
Jianpu Technology Inc.,JT,6.4,NYSE
"John Wiley & Sons, Inc.",JW.A,63.2,NYSE
"John Wiley & Sons, Inc.",JW.B,63.43,NYSE
"Nordstrom, Inc.",JWN,45.84,NYSE
Kellogg Company,K,66.55,NYSE
Kadant Inc,KAI,98.05,NYSE
Kaman Corporation,KAMN,57.88,NYSE
"KAR Auction Services, Inc",KAR,50.99,NYSE
KB Financial Group Inc,KB,54.99,NYSE
KB Home,KBH,30.92,NYSE
"KBR, Inc.",KBR,19.2,NYSE
"Kadmon Holdings, Inc.",KDMN,3.55,NYSE
Kayne Anderson Energy Development Company,KED,16.14,NYSE
"Key Energy Services, Inc.",KEG,9.97,NYSE
Kemet Corporation,KEM,14.73,NYSE
Kenon Holdings Ltd.,KEN,19.79,NYSE
Korea Electric Power Corporation,KEP,17.58,NYSE
Kirby Corporation,KEX,63.75,NYSE
KeyCorp,KEY,19.73,NYSE
Keysight Technologies Inc.,KEYS,42.23,NYSE
"Korea Fund, Inc (The)",KF,43.19,NYSE
"Kingsway Financial Services, Inc.",KFS,5.1,NYSE
Korn/Ferry International,KFY,41.18,NYSE
Kinross Gold Corporation,KGC,3.82,NYSE
Kimco Realty Corporation,KIM,18.11,NYSE
KKR & Co. L.P.,KKR,20.18,NYSE
Kirkland Lake Gold Ltd.,KL,13.27,NYSE
"KMG Chemicals, Inc.",KMG,55.19,NYSE
"Kinder Morgan, Inc.",KMI,17.96,NYSE
Deutsche Multi-Market Income Trust,KMM,8.95,NYSE
Kemper Corporation,KMPR,68.3,NYSE
Kennametal Inc.,KMT,45.96,NYSE
CarMax Inc,KMX,67.97,NYSE
Knowles Corporation,KN,14.57,NYSE
"Kindred Healthcare, Inc.",KND,8.55,NYSE
"Knoll, Inc.",KNL,20.48,NYSE
KNOT Offshore Partners LP,KNOP,19.7,NYSE
Swift Transportation Company,KNX,42.76,NYSE
Coca-Cola Company (The),KO,45.33,NYSE
Eastman Kodak Company,KODK,3.3,NYSE
Coca Cola Femsa S.A.B. de C.V.,KOF,68.74,NYSE
Koppers Holdings Inc.,KOP,48.7,NYSE
Michael Kors Holdings Limited,KORS,61.04,NYSE
Kosmos Energy Ltd.,KOS,7.84,NYSE
Kroger Company (The),KR,26.58,NYSE
Kraton Corporation,KRA,47.19,NYSE
Kilroy Realty Corporation,KRC,75.38,NYSE
KKR Real Estate Finance Trust Inc.,KREF,21.12,NYSE
Kite Realty Group Trust,KRG,18.96,NYSE
Kronos Worldwide Inc,KRO,25.71,NYSE
KIMBELL ROYALTY,KRP,17.3999,NYSE
KapStone Paper and Packaging Corporation,KS,21.96,NYSE
Deutsche Strategic Municipal Income Trust,KSM,11.94,NYSE
Kohl's Corporation,KSS,50.46,NYSE
Deutsche Strategic Income Trust,KST,12.39,NYSE
KT Corporation,KT,15.49,NYSE
Deutsche Municipal Income Trust,KTF,12,NYSE
Kennedy-Wilson Holdings Inc.,KW,18.05,NYSE
Kyocera Corporation,KYO,68.79,NYSE
Loews Corporation,L,50.05,NYSE
Ladder Capital Corp,LADR,13.69,NYSE
Lazard Ltd.,LAZ,50.69,NYSE
"L Brands, Inc.",LB,57.99,NYSE
LendingClub Corporation,LC,3.89,NYSE
Lannett Co Inc,LCI,28.3,NYSE
Morgan Stanley Latin American Equity Strategy,LDF,11.0246,NYSE
"Lydall, Inc.",LDL,50.9,NYSE
"Leidos Holdings, Inc.",LDOS,64.29,NYSE
"Lee Enterprises, Incorporated",LEE,2.3,NYSE
"Leggett & Platt, Incorporated",LEG,46.12,NYSE
Leju Holdings Limited,LEJU,1.54,NYSE
Lennar Corporation,LEN,61.68,NYSE
Lennar Corporation,LEN.B,49.59,NYSE
"Dreyfus Strategic Municipals, Inc",LEO,8.79,NYSE
China Life Insurance Company Limited,LFC,15.94,NYSE
Leaf Group Ltd.,LFGR,8.15,NYSE
Lions Gate Entertainment Corporation,LGF.A,31.33,NYSE
Lions Gate Entertainment Corp.,LGF.B,29.68,NYSE
LaSalle Hotel Properties,LHO,28.35,NYSE
"LightInTheBox Holding Co., Ltd.",LITB,1.925,NYSE
LSC Communications,LKSD,16.13,NYSE
"Lumber Liquidators Holdings, Inc",LL,30.41,NYSE
Eli Lilly and Company,LLY,86.67,NYSE
"Legg Mason, Inc.",LM,40.44,NYSE
LINE Corporation,LN,44,NYSE
Lincoln National Corporation,LNC,77.17,NYSE
Brasilagro Cia Brasileira De Propriedades Agricolas,LND,3.63,NYSE
Lindsay Corporation,LNN,91.61,NYSE
Alliant Energy Corporation,LNT,45.08,NYSE
Loma Negra Compania Industrial Argentina S.A. Sponsored ADR,LOMA,22.14,NYSE
"Lowe's Companies, Inc.",LOW,85.54,NYSE
Dorian LPG Ltd.,LPG,7.5,NYSE
"Laredo Petroleum, Inc.",LPI,10.65,NYSE
"LG Display Co., Ltd.",LPL,13.59,NYSE
Liberty Property Trust,LPT,44.22,NYSE
Louisiana-Pacific Corporation,LPX,26.84,NYSE
La Quinta Holdings Inc.,LQ,18.04,NYSE
K12 Inc,LRN,16.18,NYSE
"Life Storage, Inc.",LSI,91.12,NYSE
"LTC Properties, Inc.",LTC,45.41,NYSE
LATAM Airlines Group S.A.,LTM,12.18,NYSE
"Luby's, Inc.",LUB,2.77,NYSE
Leucadia National Corporation,LUK,26.06,NYSE
Southwest Airlines Company,LUV,63.32,NYSE
Las Vegas Sands Corp.,LVS,71.07,NYSE
Lamb Weston Holdings Inc.,LW,56.88,NYSE
Luxfer Holdings PLC,LXFR,14.83,NYSE
"Luxoft Holding, Inc.",LXFT,55.1,NYSE
Lexington Realty Trust,LXP,10.05,NYSE
Lsb Industries Inc.,LXU,8.64,NYSE
Lloyds Banking Group PLC,LYG,3.62,NYSE
"Live Nation Entertainment, Inc.",LYV,43.59,NYSE
La-Z-Boy Incorporated,LZB,31.05,NYSE
Macy's Inc,M,25.89,NYSE
Macerich Company (The),MAC,63.29,NYSE
Main Street Capital Corporation,MAIN,40.49,NYSE
Manchester United Ltd.,MANU,19.95,NYSE
Masco Corporation,MAS,42.42,NYSE
"Matson, Inc.",MATX,28.64,NYSE
Maxar Technologies Ltd.,MAXR,65.98,NYSE
"MBIA, Inc.",MBI,8.13,NYSE
Mobile TeleSystems OJSC,MBT,8.84,NYSE
Moelis & Company,MC,47.75,NYSE
"Blackrock MuniYield California Quality Fund, Inc.",MCA,14.8,NYSE
Metropolitan Bank Holding Corp.,MCB,47.82,NYSE
Medley Capital Corporation,MCC,5.43,NYSE
Barings Corporate Investors,MCI,15.67,NYSE
Milacron Holdings Corp.,MCRN,17.94,NYSE
Marcus Corporation (The),MCS,27.9,NYSE
Mercury General Corporation,MCY,53.33,NYSE
"Mednax, Inc",MD,51.43,NYSE
"M.D.C. Holdings, Inc.",MDC,31.38,NYSE
Medley Management Inc.,MDLY,6.5,NYSE
Meredith Corporation,MDP,71.8,NYSE
"McDermott International, Inc.",MDR,7.39,NYSE
Medtronic PLC,MDT,81.27,NYSE
"MDU Resources Group, Inc.",MDU,27.96,NYSE
MEDIFAST INC,MED,73.22,NYSE
"Methode Electronics, Inc.",MEI,40.85,NYSE
"MetLife, Inc.",MET,53.64,NYSE
"MFA Financial, Inc.",MFA,8.03,NYSE
Manulife Financial Corp,MFC,20.78,NYSE
MFC Bancorp Ltd.,MFCB,7.65,NYSE
"Mizuho Financial Group, Inc.",MFG,3.61,NYSE
Micro Focus International PLC Sponsored ADR,MFGP,32.49,NYSE
Blackrock MuniHoldings Investment Quality Fund,MFL,14.72,NYSE
MFS Municipal Income Trust,MFM,6.97,NYSE
Blackrock MuniYield Investment Quality Fund,MFT,14.09,NYSE
MFS Special Value Trust,MFV,6.49,NYSE
Mistras Group Inc,MG,22.31,NYSE
"Magna International, Inc.",MGA,56.04,NYSE
MFS Government Markets Income Trust,MGF,4.81,NYSE
MGM Resorts International,MGM,33.34,NYSE
MGM Growth Properties LLC,MGP,29.04,NYSE
Western Asset Municipal High Income Fund Inc,MHF,7.49,NYSE
"Blackrock MuniHoldings New York Quality Fund, Inc.",MHN,13.76,NYSE
"M/I Homes, Inc.",MHO,34.76,NYSE
Macquarie Infrastructure Company,MIC,65.61,NYSE
MFS Intermediate Income Trust,MIN,4.12,NYSE
"AG Mortgage Investment Trust, Inc.",MITT,19.23,NYSE
MiX Telematics Limited,MIXT,11.53,NYSE
"Blackrock MuniYield Michigan Quality Fund, Inc.",MIY,14.12,NYSE
"Mueller Industries, Inc.",MLI,35.52,NYSE
"Maui Land & Pineapple Company, Inc.",MLP,16.65,NYSE
"Miller Industries, Inc.",MLR,26.05,NYSE
"Marsh & McLennan Companies, Inc.",MMC,83.93,NYSE
"Marcus & Millichap, Inc.",MMI,31.78,NYSE
Magellan Midstream Partners L.P.,MMP,67.94,NYSE
"Maximus, Inc.",MMS,70.89,NYSE
MFS Multimarket Income Trust,MMT,6.09,NYSE
Western Asset Managed Municipals Fund Inc,MMU,14.26,NYSE
"Manning & Napier, Inc.",MN,3.55,NYSE
Mallinckrodt PLC,MNK,23.14,NYSE
Western Asset Municipal Partners Fund Inc,MNP,15.36,NYSE
Monmouth Real Estate Investment Corporation,MNR,17.97,NYSE
Altria Group,MO,71.65,NYSE
Modine Manufacturing Company,MOD,20.95,NYSE
"Model N, Inc.",MODN,16,NYSE
Moog Inc.,MOG.A,85.5,NYSE
Moog Inc.,MOG.B,86.39,NYSE
Molina Healthcare Inc,MOH,73.83,NYSE
Mosaic Company (The),MOS,23.84,NYSE
Movado Group Inc.,MOV,30.4,NYSE
Blackrock MuniYield Pennsylvania Quality Fund,MPA,14.27,NYSE
Marathon Petroleum Corporation,MPC,64.47,NYSE
MPLX LP,MPLX,37.06,NYSE
Midstates Petroleum Co.,MPO,16.54,NYSE
Babson Capital Participation Investors,MPV,14.2,NYSE
"Medical Properties Trust, Inc.",MPW,13.6,NYSE
Marine Products Corporation,MPX,15.14,NYSE
"Blackrock MuniYield Quality Fund II, Inc.",MQT,13.15,NYSE
"Blackrock MuniYield Quality Fund, Inc.",MQY,15.64,NYSE
MRC Global Inc.,MRC,16.07,NYSE
Marin Software Incorporated,MRIN,10.5,NYSE
"Merck & Company, Inc.",MRK,56.35,NYSE
Marathon Oil Corporation,MRO,15.15,NYSE
MedEquities Realty Trust Inc.,MRT,10.97,NYSE
Morgan Stanley,MS,52.77,NYSE
MSA Safety Incorporporated,MSA,79,NYSE
Mesabi Trust,MSB,23.65,NYSE
Morgan Stanley Emerging Markets Debt,MSD,9.91,NYSE
Morgan Stanley Emerging Markets Fund,MSF,17.42,NYSE
MSG Networks Inc.,MSGN,19.65,NYSE
"Motorola Solutions, Inc.",MSI,92.33,NYSE
MidSouth Bancorp,MSL,13.6,NYSE
"MSC Industrial Direct Company, Inc.",MSM,90.23,NYSE
ArcelorMittal,MT,31.68,NYSE
Matador Resources Company,MTDR,27.73,NYSE
MGIC Investment Corporation,MTG,15.42,NYSE
Meritage Corporation,MTH,50.65,NYSE
Mechel PAO,MTL,4.58,NYSE
"Meritor, Inc.",MTOR,23.2,NYSE
Mesa Royalty Trust,MTR,15.4,NYSE
Materion Corporation,MTRN,47.6,NYSE
Mitsubishi UFJ Financial Group Inc,MTU,7.02,NYSE
"Manitowoc Company, Inc. (The)",MTW,39.7,NYSE
Minerals Technologies Inc.,MTX,68.1,NYSE
"MasTec, Inc.",MTZ,46.85,NYSE
"Blackrock MuniAssets Fund, Inc.",MUA,15.1525,NYSE
"Blackrock MuniHoldings California Quality Fund, Inc.",MUC,14.75,NYSE
"Blackrock MuniHoldings Fund II, Inc.",MUH,14.91,NYSE
"Blackrock MuniHoldings New Jersey Quality Fund, Inc.",MUJ,14.37,NYSE
Mulesoft Inc.,MULE,21.99,NYSE
Murphy Oil Corporation,MUR,28.85,NYSE
Murphy USA Inc.,MUSA,80.2,NYSE
McEwen Mining Inc.,MUX,1.85,NYSE
"MVC Capital, Inc.",MVC,10.71,NYSE
MV Oil Trust,MVO,6.87,NYSE
"Blackrock MuniVest Fund II, Inc.",MVT,15.54,NYSE
MUELLER WATER PRODUCTS,MWA,12.3,NYSE
MagnaChip Semiconductor Corporation,MX,11.35,NYSE
Mexico Equity and Income Fund,MXE,10.481,NYSE
"Mexico Fund, Inc (The)",MXF,15.49,NYSE
"MaxLinear, Inc",MXL,24.88,NYSE
"Blackrock MuniYield California Fund, Inc.",MYC,15.29,NYSE
"Blackrock MuniYield Fund, Inc.",MYD,14.56,NYSE
"Myers Industries, Inc.",MYE,19.45,NYSE
Blackrock MuniYield Investment Fund,MYF,15.41,NYSE
"Blackrock MuniYield Quality Fund III, Inc.",MYI,14.23,NYSE
"Blackrock MuniYield New Jersey Fund, Inc.",MYJ,16.32,NYSE
"Blackrock MuniYield New York Quality Fund, Inc.",MYN,12.98,NYSE
Myovant Sciences Ltd.,MYOV,11.49,NYSE
Nordic American Offshore Ltd,NAO,1.2,NYSE
Navios Maritime Midstream Partners LP,NAP,7.69,NYSE
Nordic American Tankers Limited,NAT,3.66,NYSE
Navistar International Corporation,NAV,40.07,NYSE
"Nuveen Arizona Premium Income Municipal Fund, Inc",NAZ,14.738,NYSE
National Bank Holdings Corporation,NBHC,31.89,NYSE
Noble Energy Inc.,NBL,26.88,NYSE
Noble Midstream Partners LP,NBLX,51.37,NYSE
Nabors Industries Ltd.,NBR,6.08,NYSE
"NACCO Industries, Inc.",NC,41.55,NYSE
"Nuveen California Municipal Value Fund, Inc",NCA,10.48,NYSE
"Navigant Consulting, Inc.",NCI,19.05,NYSE
NCR Corporation,NCR,32.03,NYSE
"NCI Building Systems, Inc.",NCS,20.6,NYSE
Enduro Royalty Trust,NDRO,3.1,NYSE
Noble Corporation,NE,4.15,NYSE
Newmont Mining Corporation,NEM,34.67,NYSE
"NextEra Energy Partners, LP",NEP,39.47,NYSE
NETSHOES CAYMAN,NETS,6.98,NYSE
New Media Investment Group Inc.,NEWM,16.89,NYSE
"New Relic, Inc.",NEWR,60,NYSE
Nexa Resources S.A.,NEXA,16.8,NYSE
National Fuel Gas Company,NFG,58.29,NYSE
Newfield Exploration Company,NFX,30.36,NYSE
"National Grid Transco, PLC",NGG,59.33,NYSE
NGL ENERGY PARTNERS LP,NGL,14.25,NYSE
"Natural Gas Services Group, Inc.",NGS,25.1,NYSE
"Natural Grocers by Vitamin Cottage, Inc.",NGVC,8.32,NYSE
Ingevity Corporation,NGVT,73.93,NYSE
"National Health Investors, Inc.",NHI,78.48,NYSE
"NiSource, Inc",NI,27.18,NYSE
Nuveen Select Maturities Municipal Fund,NIM,10.1,NYSE
NewJersey Resources Corporation,NJR,43.2,NYSE
"Nike, Inc.",NKE,61.91,NYSE
"NL Industries, Inc.",NL,13.15,NYSE
"Nautilus Group, Inc. (The)",NLS,13.65,NYSE
Nielsen N.V.,NLSN,37.89,NYSE
Annaly Capital Management Inc,NLY,11.99,NYSE
Navios Maritime Holdings Inc.,NM,1.27,NYSE
New Mountain Finance Corporation,NMFC,14.2,NYSE
"Nuveen Municipal Income Fund, Inc",NMI,12.48,NYSE
Navios Maritime Partners LP,NMM,2.29,NYSE
Nomura Holdings Inc ADR,NMR,5.82,NYSE
Nuveen Massachusetts Premium Income Municipal Fund,NMT,14.44,NYSE
Nuveen Maryland Premium Income Municipal Fund,NMY,12.76,NYSE
Navios Maritime Acquisition Corporation,NNA,1.18,NYSE
Nuveen North Carolina Premium Income Municipal Fund,NNC,13.12,NYSE
"Nelnet, Inc.",NNI,55.25,NYSE
National Retail Properties,NNN,41.84,NYSE
"Nuveen New York Municipal Value Fund, Inc",NNY,9.955,NYSE
"North American Energy Partners, Inc.",NOA,4.25,NYSE
Noah Holdings Ltd.,NOAH,43.69,NYSE
Nokia Corporation,NOK,4.58,NYSE
Nuveen Missouri Premium Income Municipal Fund,NOM,15.2676,NYSE
Nomad Foods Limited,NOMD,16.7,NYSE
"National Oilwell Varco, Inc.",NOV,33.29,NYSE
"Neenah Paper, Inc.",NP,88.05,NYSE
"National Presto Industries, Inc.",NPK,97.05,NYSE
EnPro Industries,NPO,88.67,NYSE
NeoPhotonics Corporation,NPTN,6.96,NYSE
Nuveen Virginia Premium Income Municipal Fund,NPV,12.98,NYSE
NQ Mobile Inc.,NQ,4.22,NYSE
Nuveen Pennsylvania Investment Quality Municipal Fund,NQP,13.5,NYSE
"Newpark Resources, Inc.",NR,8.45,NYSE
NorthStar Realty Europe Corp.,NRE,14.11,NYSE
"NRG Energy, Inc.",NRG,29.13,NYSE
Natural Resource Partners LP,NRP,24.75,NYSE
North European Oil Royality Trust,NRT,6.56,NYSE
New Residential Investment Corp.,NRZ,17.99,NYSE
Nustar Energy L.P.,NS,30.22,NYSE
National Storage Affiliates Trust,NSA,26.14,NYSE
"Nustar GP Holdings, LLC",NSH,14.8,NYSE
Nationstar Mortgage Holdings Inc.,NSM,17.63,NYSE
Bank of N.T. Butterfield & Son Limited (The),NTB,37.99,NYSE
Nuveen Connecticut Premium Income Municipal Fund,NTC,12.04,NYSE
Nortel Inversora SA,NTL,50.16,NYSE
Nam Tai Property Inc.,NTP,12.4,NYSE
Nuveen Texas Quality Income Municipal Fund,NTX,14.44,NYSE
"Natuzzi, S.p.A.",NTZ,1.57,NYSE
Nucor Corporation,NUE,61.27,NYSE
"Nuveen Michigan Quality Income Municipal Fund, Inc",NUM,13.5,NYSE
"Nuveen Ohio Quality Income Municipal Fund, Inc",NUO,14.82,NYSE
"Nu Skin Enterprises, Inc.",NUS,67.24,NYSE
"Nuveen Municipal Value Fund, Inc",NUV,10.24,NYSE
Navigator Holdings Ltd.,NVGS,9.85,NYSE
Novo Nordisk A/S,NVO,52.42,NYSE
Nevro Corp.,NVRO,65.94,NYSE
Novartis AG,NVS,83.8,NYSE
Invitae Corporation,NVTA,8.45,NYSE
NorthWestern Corporation,NWE,62.95,NYSE
New Home Company Inc. (The),NWHM,12.72,NYSE
Newell Brands Inc.,NWL,30.92,NYSE
Northwest Natural Gas Company,NWN,65.35,NYSE
"New York & Company, Inc.",NWY,2.59,NYSE
Quanex Building Products Corporation,NX,21,NYSE
Nuveen California Select Tax-Free Income Portfolio,NXC,15.22,NYSE
Nuveen New York Select Tax-Free Income Portfolio,NXN,13.73,NYSE
Nuveen Select Tax-Free Income Portfolio,NXP,14.95,NYSE
Nuveen Select Tax-Free Income Portfolio 2,NXQ,14.22,NYSE
Nuveen Select Tax-Free Income Portfolio 3,NXR,15.04,NYSE
"NexPoint Residential Trust, Inc.",NXRT,27.54,NYSE
"New York Community Bancorp, Inc.",NYCB,13.19,NYSE
"NRG Yield, Inc.",NYLD,18.8,NYSE
NRG Yield Inc.,NYLDA,18.65,NYSE
"New York REIT, Inc.",NYRT,4.93,NYSE
New York Times Company (The),NYT,18.2,NYSE
Realty Income Corporation,O,55.42,NYSE
"Oaktree Capital Group, LLC",OAK,42.75,NYSE
Five Oaks Investment Corp.,OAKS,4.16,NYSE
Oasis Petroleum Inc.,OAS,10.06,NYSE
Obsidian Energy,OBE,1.2,NYSE
Owens Corning Inc,OC,87.91,NYSE
OCI Partners LP,OCIP,7.45,NYSE
Ocwen Financial Corporation,OCN,3.05,NYSE
Oil-Dri Corporation Of America,ODC,43.25,NYSE
Orion Engineered Carbons S.A,OEC,22.6,NYSE
Corporate Office Properties Trust,OFC,30.1,NYSE
OFG Bancorp,OFG,9.9,NYSE
OGE Energy Corporation,OGE,34.55,NYSE
"ONE Gas, Inc.",OGS,76.79,NYSE
"Omega Healthcare Investors, Inc.",OHI,27.54,NYSE
"Owens-Illinois, Inc.",OI,23.59,NYSE
Invesco Municipal Income Opportunities Trust,OIA,8.13,NYSE
Oi S.A.,OIBRC,6.79,NYSE
"Oceaneering International, Inc.",OII,19.31,NYSE
"Oil States International, Inc.",OIS,23.3,NYSE
"ONEOK, Inc.",OKE,53.4,NYSE
Olin Corporation,OLN,34.85,NYSE
"One Liberty Properties, Inc.",OLP,26.37,NYSE
OM Asset Management PLC,OMAM,16.1,NYSE
Omnicom Group Inc.,OMC,74.44,NYSE
Omega Protein Corporation,OME,21.95,NYSE
"OneMain Holdings, Inc.",OMF,27.21,NYSE
"Owens & Minor, Inc.",OMI,19.35,NYSE
OMNOVA Solutions Inc.,OMN,9.95,NYSE
Oasis Midstream Partners LP,OMP,18.2,NYSE
"On Deck Capital, Inc.",ONDK,5.22,NYSE
"Ooma, Inc.",OOMA,11.15,NYSE
"Oppenheimer Holdings, Inc.",OPY,28.15,NYSE
Osisko Gold Royalties Ltd,OR,11.01,NYSE
"Ormat Technologies, Inc.",ORA,62.73,NYSE
Orange,ORAN,17.26,NYSE
"Orchid Island Capital, Inc.",ORC,9.53,NYSE
Oracle Corporation,ORCL,50.47,NYSE
Old Republic International Corporation,ORI,20.75,NYSE
"Orion Group Holdings, Inc.",ORN,7.47,NYSE
Norbord Inc.,OSB,32.98,NYSE
"Overseas Shipholding Group, Inc.",OSG,2.62,NYSE
Oshkosh Corporation,OSK,88.46,NYSE
OUTFRONT Media Inc.,OUT,23.34,NYSE
"Oxford Industries, Inc.",OXM,70.59,NYSE
Occidental Petroleum Corporation,OXY,69.5,NYSE
Och-Ziff Capital Management Group LLC,OZM,2.71,NYSE
"Pandora Media, Inc.",P,5.03,NYSE
"Plains All American Pipeline, L.P.",PAA,20.41,NYSE
"Penske Automotive Group, Inc.",PAG,48.23,NYSE
"Plains Group Holdings, L.P.",PAGP,21.01,NYSE
Platform Specialty Products Corporation,PAH,9.47,NYSE
Western Asset Income Fund,PAI,15.3858,NYSE
Pampa Energia S.A.,PAM,65.26,NYSE
PAR Technology Corporation,PAR,8.78,NYSE
"Verifone Systems, Inc.",PAY,18.19,NYSE
"Paycom Software, Inc.",PAYC,79.54,NYSE
"Prosperity Bancshares, Inc.",PB,68.79,NYSE
Pembina Pipeline Corp.,PBA,35.19,NYSE
PBF Energy Inc.,PBF,32.94,NYSE
PBF Logistics LP,PBFX,20.05,NYSE
"Prestige Brand Holdings, Inc.",PBH,46.11,NYSE
Pitney Bowes Inc.,PBI,10.91,NYSE
Petroleo Brasileiro S.A.- Petrobras,PBR,9.74,NYSE
Petroleo Brasileiro S.A.- Petrobras,PBR.A,9.32,NYSE
Permian Basin Royalty Trust,PBT,8.97,NYSE
Putnam High Income Securities Fund,PCF,9.03,NYSE
Pacific Gas & Electric Co.,PCG,53.71,NYSE
PCM Fund Inc,PCM,11.8,NYSE
"Piedmont Office Realty Trust, Inc.",PDM,19.99,NYSE
Precision Drilling Corporation,PDS,2.76,NYSE
John Hancock Premium Dividend Fund,PDT,16.68,NYSE
"Parsley Energy, Inc.",PE,26.58,NYSE
Pebblebrook Hotel Trust,PEB,37.61,NYSE
Public Service Enterprise Group Incorporated,PEG,52.4,NYSE
Pennsylvania Real Estate Investment Trust,PEI,10.91,NYSE
"Penumbra, Inc.",PEN,98.85,NYSE
Adams Natural Resources Fund,PEO,18.95,NYSE
SandRidge Permian Trust,PER,2.6,NYSE
Pioneer Energy Services Corp.,PES,2.2,NYSE
"Pinnacle Foods, Inc.",PF,56.91,NYSE
"Pfizer, Inc.",PFE,36.21,NYSE
Principal Financial Group Inc,PFG,71.53,NYSE
Performance Food Group Company,PFGC,31.65,NYSE
Flaherty & Crumrine Preferred Income Opportunity Fund,PFO,11.93,NYSE
"Provident Financial Services, Inc",PFS,26.89,NYSE
"PennyMac Financial Services, Inc.",PFSI,21.35,NYSE
Procter & Gamble Company (The),PG,90.23,NYSE
"Ply Gem Holdings, Inc.",PGEM,18.1,NYSE
Pengrowth Energy Corporation,PGH,0.7726,NYSE
Progressive Corporation (The),PGR,54.88,NYSE
"Paramount Group, Inc.",PGRE,15.77,NYSE
"PGT, Inc.",PGTI,16.15,NYSE
Koninklijke Philips N.V.,PHG,38.28,NYSE
PHH Corp,PHH,11.14,NYSE
PLDT Inc.,PHI,28.68,NYSE
PIMCO High Income Fund,PHK,7.46,NYSE
"PulteGroup, Inc.",PHM,33.81,NYSE
Panhandle Royalty Company,PHX,20.75,NYSE
Putnam Master Intermediate Income Trust,PIM,4.66,NYSE
"Pier 1 Imports, Inc.",PIR,5.28,NYSE
Piper Jaffray Companies,PJC,77.5,NYSE
PJT Partners Inc.,PJT,43.6,NYSE
Park Hotels & Resorts Inc.,PK,28.37,NYSE
Parker Drilling Company,PKD,0.9382,NYSE
Park Electrochemical Corporation,PKE,19.1,NYSE
"PerkinElmer, Inc.",PKI,70.81,NYSE
POSCO,PKX,76.81,NYSE
"Prologis, Inc.",PLD,65.73,NYSE
"Planet Fitness, Inc.",PLNT,31.51,NYSE
"Douglas Dynamics, Inc.",PLOW,37.4,NYSE
"Plantronics, Inc.",PLT,50.52,NYSE
Putnam Managed Municipal Income Trust,PMM,7.49,NYSE
Putnam Municipal Opportunities Trust,PMO,12.57,NYSE
PennyMac Mortgage Investment Trust,PMT,15.92,NYSE
"PNM Resources, Inc. (Holding Co.)",PNM,45.2,NYSE
Pentair PLC.,PNR,69.77,NYSE
Pinnacle West Capital Corporation,PNW,91.22,NYSE
PolyOne Corporation,POL,44.16,NYSE
Portland General Electric Company,POR,48.83,NYSE
"Post Holdings, Inc.",POST,78.71,NYSE
Potash Corporation of Saskatchewan Inc.,POT,19.27,NYSE
PPDAI Group Inc. Sponsored ADR,PPDF,8,NYSE
PPL Corporation,PPL,34.62,NYSE
Putnam Premier Income Trust,PPT,5.17,NYSE
Petroquest Energy Inc,PQ,1.67,NYSE
PQ Group Holdings Inc.,PQG,16.5,NYSE
ProAssurance Corporation,PRA,61.05,NYSE
Perrigo Company,PRGO,85.59,NYSE
"Proto Labs, Inc.",PRLB,94,NYSE
"PROS Holdings, Inc.",PRO,27.35,NYSE
Party City Holdco Inc.,PRTY,12.25,NYSE
"Pearson, PLC",PSO,9.89,NYSE
"Pure Storage, Inc.",PSTG,16.95,NYSE
Phillips 66,PSX,99.72,NYSE
Phillips 66 Partners LP,PSXP,48.42,NYSE
Patheon N.V.,PTHN,34.98,NYSE
PetroChina Company Limited,PTR,66.93,NYSE
PIMCO Corporate & Income Opportunity Fund,PTY,16.5,NYSE
Prudential Public Limited Company,PUK,49.18,NYSE
ProPetro Holding Corp.,PUMP,18.92,NYSE
"Pretium Resources, Inc.",PVG,10.1,NYSE
"Quanta Services, Inc.",PWR,39.17,NYSE
Petrobras Argentina S.A.,PZE,12.53,NYSE
Pzena Investment Management Inc,PZN,10.63,NYSE
Quality Care Properties Inc.,QCP,14.27,NYSE
Qudian Inc. Sponsored ADR,QD,14.05,NYSE
"QEP Resources, Inc.",QEP,9.46,NYSE
Quorum Health Corporation,QHC,4.73,NYSE
Restaurant Brands International Inc.,QSR,60.45,NYSE
Quantum Corporation,QTM,5.28,NYSE
"QTS Realty Trust, Inc.",QTS,55.01,NYSE
"Q2 Holdings, Inc.",QTWO,40.35,NYSE
"Quad Graphics, Inc",QUAD,22.96,NYSE
Quotient Technology Inc.,QUOT,11.65,NYSE
"Ryder System, Inc.",R,81.73,NYSE
Rite Aid Corporation,RAD,1.88,NYSE
RAIT Financial Trust,RAS,0.3499,NYSE
Ritchie Bros. Auctioneers Incorporated,RBA,28.83,NYSE
Regal Beloit Corporation,RBC,75.6,NYSE
Royal Bank Scotland PLC (The),RBS,7.61,NYSE
"Rogers Communication, Inc.",RCI,50.29,NYSE
PIMCO Strategic Global Government Fund Inc,RCS,8.73,NYSE
Rowan Companies PLC,RDC,14.38,NYSE
Radian Group Inc.,RDN,22.44,NYSE
Royal Dutch Shell PLC,RDS.A,63.94,NYSE
Royal Dutch Shell PLC,RDS.B,65.41,NYSE
Dr. Reddy's Laboratories Ltd,RDY,34.58,NYSE
Regency Centers Corporation,REG,67.68,NYSE
RELX PLC,RELX,23.37,NYSE
Resolute Energy Corporation,REN,27.57,NYSE
Renren Inc.,RENN,9.86,NYSE
RELX N.V.,RENX,22.75,NYSE
"RPC, Inc.",RES,24.84,NYSE
Altisource Residential Corporation,RESI,10.67,NYSE
"Revlon, Inc.",REV,21.7,NYSE
"REV Group, Inc.",REVG,27.2,NYSE
REX American Resources Corporation,REX,87.01,NYSE
"Rexford Industrial Realty, Inc.",REXR,30.71,NYSE
Regions Financial Corporation,RF,16.98,NYSE
Cohen & Steers Total Return Realty Fund,RFI,12.56,NYSE
Resolute Forest Products Inc.,RFP,9.15,NYSE
Regal Entertainment Group,RGC,22.68,NYSE
"Sturm, Ruger & Company, Inc.",RGR,51.75,NYSE
Regis Corporation,RGS,15.96,NYSE
Robert Half International Inc.,RHI,54.56,NYSE
"Ryman Hospitality Properties, Inc.",RHP,68.48,NYSE
Transocean Ltd.,RIG,9.98,NYSE
Rio Tinto PLC,RIO,47.95,NYSE
"Raymond James Financial, Inc.",RJF,89.04,NYSE
Realogy Holdings Corp.,RLGY,27.56,NYSE
Red Lion Hotels Corporation,RLH,9.4,NYSE
RLI Corp.,RLI,57.73,NYSE
RLJ Lodging Trust,RLJ,21.42,NYSE
Regional Management Corp.,RM,25.18,NYSE
"RE/MAX Holdings, Inc.",RMAX,53.25,NYSE
ResMed Inc.,RMD,86.44,NYSE
Rice Midstream Partners LP,RMP,21.73,NYSE
Royce Micro-Cap Trust,RMT,9.3,NYSE
"Ringcentral, Inc.",RNG,47.55,NYSE
"Ranger Energy Services, Inc.",RNGR,9.8,NYSE
"Rollins, Inc.",ROL,45.34,NYSE
Pacific Coast Oil Trust,ROYT,1.68,NYSE
"Retail Properties of America, Inc.",RPAI,12.88,NYSE
RPM International Inc.,RPM,52.88,NYSE
Ramco-Gershenson Properties Trust,RPT,14.34,NYSE
Range Resources Corporation,RRC,16.7,NYSE
R.R. Donnelley & Sons Company,RRD,8.96,NYSE
"Roadrunner Transportation Systems, Inc",RRTS,8.58,NYSE
Reliance Steel & Aluminum Co.,RS,83.66,NYSE
"Republic Services, Inc.",RSG,65.25,NYSE
Resource Capital Corp.,RSO,9.7,NYSE
"RSP Permian, Inc.",RSPP,37,NYSE
Rosetta Stone,RST,12.32,NYSE
"Ruby Tuesday, Inc.",RT,2.41,NYSE
"Rudolph Technologies, Inc.",RTEC,23.4,NYSE
"The Rubicon Project, Inc.",RUBI,1.75,NYSE
Royce Value Trust,RVT,15.88,NYSE
"Redwood Trust, Inc.",RWT,15.07,NYSE
Rexnord Corporation,RXN,24.57,NYSE
Royal Bank Of Canada,RY,79.2,NYSE
Rayonier Advanced Materials Inc.,RYAM,19.53,NYSE
"RYB Education, Inc. Sponsored ADR",RYB,18.48,NYSE
Ryerson Holding Corporation,RYI,9.1,NYSE
Rayonier Inc.,RYN,31.3,NYSE
Sprint Corporation,S,5.44,NYSE
"Seabridge Gold, Inc.",SA,9.9,NYSE
"Safety, Income and Growth, Inc.",SAFE,17.75,NYSE
"Sonic Automotive, Inc.",SAH,21.55,NYSE
SCIENCE APPLICATIONS INTERNATIONAL CORPORATION,SAIC,78.69,NYSE
"SailPoint Technologies Holdings, Inc.",SAIL,14.83,NYSE
Scorpio Bulkers Inc.,SALT,7.65,NYSE
"Banco Santander, S.A.",SAN,6.63,NYSE
Saratoga Investment Corp,SAR,22.38,NYSE
"Safe Bulkers, Inc",SB,3.38,NYSE
Sibanye Gold Limited,SBGL,4.94,NYSE
"Sally Beauty Holdings, Inc.",SBH,16.73,NYSE
SilverBow Resources Inc.,SBOW,23.98,NYSE
Sabine Royalty Trust,SBR,44,NYSE
Companhia de saneamento Basico Do Estado De Sao Paulo - Sabesp,SBS,10.12,NYSE
Santander Consumer USA Holdings Inc.,SC,18.19,NYSE
Southern Copper Corporation,SCCO,42.33,NYSE
Scana Corporation,SCG,42.38,NYSE
The Charles Schwab Corporation,SCHW,50.72,NYSE
Service Corporation International,SCI,37.85,NYSE
Stepan Company,SCL,78.87,NYSE
Stellus Capital Investment Corporation,SCM,12.91,NYSE
Steelcase Inc.,SCS,13.95,NYSE
L.S. Starrett Company (The),SCX,8.6,NYSE
"SandRidge Energy, Inc.",SD,18.61,NYSE
Seadrill Partners LLC,SDLP,3.38,NYSE
SandRidge Mississippian Trust II,SDR,1.08,NYSE
Seadrill Limited,SDRL,0.25,NYSE
SandRidge Mississippian Trust I,SDT,1.07,NYSE
Sea Limited Sponsored ADR,SE,13.41,NYSE
"SeaWorld Entertainment, Inc.",SEAS,13.1,NYSE
Sealed Air Corporation,SEE,47.77,NYSE
Select Medical Holdings Corporation,SEM,17.7,NYSE
Semgroup Corporation,SEMG,26.4,NYSE
"SendGrid, Inc.",SEND,20.14,NYSE
"Spectra Energy Partners, LP",SEP,42.21,NYSE
"ServiceMaster Global Holdings, Inc.",SERV,50.36,NYSE
Stifel Financial Corporation,SF,58.78,NYSE
"Safeguard Scientifics, Inc.",SFE,11.95,NYSE
Ship Finance International Limited,SFL,14.7,NYSE
Smart,SFS,8.65,NYSE
SouFun Holdings Limited,SFUN,4.38,NYSE
"Aberdeen The Singapore Fund, Inc (The)",SGF,12.66,NYSE
"Star Gas Partners, L.P.",SGU,10.445,NYSE
Stone Energy Corporation,SGY,25.24,NYSE
"Shake Shack, Inc.",SHAK,46.5,NYSE
Shinhan Financial Group Co Ltd,SHG,44.27,NYSE
"SINOPEC Shangai Petrochemical Company, Ltd.",SHI,58.1,NYSE
"Shell Midstream Partners, L.P.",SHLX,27.77,NYSE
"Sunstone Hotel Investors, Inc.",SHO,16.65,NYSE
National Steel Company,SID,2.23,NYSE
Signet Jewelers Limited,SIG,52.76,NYSE
"SiteOne Landscape Supply, Inc.",SITE,71.13,NYSE
Six Flags Entertainment Corporation New,SIX,66.37,NYSE
"South Jersey Industries, Inc.",SJI,32.99,NYSE
Shaw Communications Inc.,SJR,22.96,NYSE
San Juan Basin Royalty Trust,SJT,8.1,NYSE
SJW Corporation,SJW,64.12,NYSE
"SK Telecom Co., Ltd.",SKM,27.89,NYSE
"Tanger Factory Outlet Centers, Inc.",SKT,24.97,NYSE
"Skechers U.S.A., Inc.",SKX,36.44,NYSE
Schlumberger N.V.,SLB,64.56,NYSE
"U.S. Silica Holdings, Inc.",SLCA,33.65,NYSE
Sutherland Asset Management  Corp.,SLD,16,NYSE
Sun Life Financial Inc.,SLF,40.87,NYSE
SM Energy Company,SM,21.92,NYSE
Sumitomo Mitsui Financial Group Inc,SMFG,8.36,NYSE
SEACOR Marine Holdings Inc.,SMHI,12.08,NYSE
Semiconductor  Manufacturing International Corporation,SMI,6.93,NYSE
"Summit Midstream Partners, LP",SMLP,20.5,NYSE
"Standard Motor Products, Inc.",SMP,44.02,NYSE
Sanchez Energy Corporation,SN,5.08,NYSE
Snap Inc.,SNAP,16.22,NYSE
"Schneider National, Inc.",SNDR,26.61,NYSE
Sony Corp Ord,SNE,44.9,NYSE
"Smith & Nephew SNATS, Inc.",SNN,35.47,NYSE
China Petroleum & Chemical Corporation,SNP,71.1,NYSE
New Senior Investment Group Inc.,SNR,7.69,NYSE
Synovus Financial Corp.,SNV,48.45,NYSE
Sanofi,SNY,43.7,NYSE
Southern Company (The),SO,51.68,NYSE
Sogou Inc. Sponsored ADR,SOGO,11.94,NYSE
"Solaris Oilfield Infrastructure, Inc.",SOI,17.38,NYSE
Renesola Ltd.,SOL,3.04,NYSE
Sonoco Products Company,SON,54,NYSE
"Source Capital, Inc",SOR,39.88,NYSE
Sparton Corporation,SPA,23.18,NYSE
"Special Opportunities Fund, Inc",SPE,16.08,NYSE
"Suburban Propane Partners, L.P.",SPH,23.77,NYSE
Steel Partners Holdings LP,SPLP,19.15,NYSE
"Superior Energy Services, Inc.",SPN,9.37,NYSE
"Spirit Aerosystems Holdings, Inc.",SPR,83.82,NYSE
SPX Corporation,SPXC,30.8,NYSE
"Square, Inc.",SQ,38.3,NYSE
Sociedad Quimica y Minera S.A.,SQM,51.92,NYSE
Sequans Communications S.A.,SQNS,1.78,NYSE
Spire Inc.,SR,79.5,NYSE
"Spirit Realty Capital, Inc.",SRC,8.35,NYSE
Seritage Growth Properties,SRG,40.26,NYSE
"Stoneridge, Inc.",SRI,21.34,NYSE
Sprague Resources LP,SRLP,24,NYSE
"StarTek, Inc.",SRT,9.68,NYSE
"Simpson Manufacturing Company, Inc.",SSD,59.04,NYSE
"Stage Stores, Inc.",SSI,1.9,NYSE
Sasol Ltd.,SSL,31.11,NYSE
"Silver Spring Networks, Inc.",SSNI,16.22,NYSE
E.W. Scripps Company (The),SSP,15.12,NYSE
"Shutterstock, Inc.",SSTK,43.14,NYSE
Seaspan Corporation,SSW,5.99,NYSE
Sensata Technologies Holding N.V.,ST,47.9,NYSE
"Stag Industrial, Inc.",STAG,27.91,NYSE
iStar Financial Inc.,STAR,11.29,NYSE
"Extended Stay America, Inc.",STAY,17.15,NYSE
Stewart Information Services Corporation,STC,41.36,NYSE
STERIS PLC,STE,87.83,NYSE
"SunTrust Banks, Inc.",STI,64.62,NYSE
Sterling Bancorp,STL,24.95,NYSE
STMicroelectronics N.V.,STM,21.78,NYSE
Stantec Inc.,STN,27.1,NYSE
Scorpio Tankers Inc.,STNG,3,NYSE
Statoil ASA,STO,20.21,NYSE
StoneMor Partners L.P.,STON,6.93,NYSE
STORE Capital Corporation,STOR,25.74,NYSE
State Street Corporation,STT,97.41,NYSE
"STARWOOD PROPERTY TRUST, INC.",STWD,21.68,NYSE
Suncor Energy  Inc.,SU,34.76,NYSE
"Sun Communities, Inc.",SUI,95.47,NYSE
"Summit Materials, Inc.",SUM,31.51,NYSE
Sunoco LP,SUN,29.14,NYSE
"Superior Industries International, Inc.",SUP,15.9,NYSE
Grupo Supervielle S.A.,SUPV,28.52,NYSE
SuperValu Inc.,SVU,19.88,NYSE
"Switch, Inc.",SWCH,17.3,NYSE
"Schweitzer-Mauduit International, Inc.",SWM,44.37,NYSE
Southwestern Energy Company,SWN,5.81,NYSE
Southwest Gas Corporation,SWX,82.95,NYSE
"THE SWISS HELVETIA FUND, INC",SWZ,12.54,NYSE
"SunCoke Energy, Inc.",SXC,11.2,NYSE
"SunCoke Energy Partners, L.P.",SXCP,17.05,NYSE
"Southcross Energy Partners, L.P.",SXE,1.65,NYSE
Sensient Technologies Corporation,SXT,74.95,NYSE
Synchrony Financial,SYF,37.59,NYSE
Syngenta AG,SYT,92.39,NYSE
Systemax Inc.,SYX,28.66,NYSE
Sysco Corporation,SYY,61.98,NYSE
AT&T Inc.,T,36.9,NYSE
TransAlta Corporation,TAC,6,NYSE
"Tahoe Resources, Inc.",TAHO,4.38,NYSE
TAL Education Group,TAL,30.32,NYSE
Molson Coors Brewing  Company,TAP,80.79,NYSE
"TrueBlue, Inc.",TBI,27.9,NYSE
Triangle Capital Corporation,TCAP,9.54,NYSE
TCF Financial Corporation,TCF,20.34,NYSE
"Transcontinental Realty Investors, Inc.",TCI,28.97,NYSE
"Taubman Centers, Inc.",TCO,58.75,NYSE
"TC PipeLines, LP",TCP,53.03,NYSE
Container Store (The),TCS,5.67,NYSE
Toronto Dominion Bank (The),TD,56.55,NYSE
Teradata Corporation,TDC,38.4,NYSE
"Templeton Dragon Fund, Inc",TDF,20.76,NYSE
"Teladoc, Inc.",TDOC,32.3,NYSE
"Telephone and Data Systems, Inc.",TDS,26.99,NYSE
Tidewater Inc.,TDW,25.05,NYSE
Teck Resources Ltd,TECK,23.27,NYSE
Telefonica SA,TEF,10.03,NYSE
"Tallgrass Energy GP, LP",TEGP,24.49,NYSE
TE Connectivity Ltd.,TEL,95.04,NYSE
Tenneco Inc.,TEN,57.18,NYSE
Telecom Argentina Stet - France Telecom S.A.,TEO,37.65,NYSE
"Tallgrass Energy Partners, LP",TEP,44.91,NYSE
"Teradyne, Inc.",TER,40.46,NYSE
Teva Pharmaceutical Industries Limited,TEVA,16.44,NYSE
Terex Corporation,TEX,46.85,NYSE
Tredegar Corporation,TG,19.3,NYSE
Textainer Group Holdings Limited,TGH,21.55,NYSE
"Triumph Group, Inc.",TGI,26.5,NYSE
TEGNA Inc.,TGNA,13.67,NYSE
Teekay LNG Partners L.P.,TGP,18.55,NYSE
Transportadora De Gas Sa Ord B,TGS,23.3,NYSE
Target Corporation,TGT,61.76,NYSE
Tenet Healthcare Corporation,THC,13.74,NYSE
"Thermon Group Holdings, Inc.",THR,22.84,NYSE
"Treehouse Foods, Inc.",THS,46.69,NYSE
Telecom Italia S.P.A.,TI,8.94,NYSE
Telecom Italia S.P.A.,TI.A,7.53,NYSE
"TIER REIT, Inc.",TIER,19.57,NYSE
Tiffany & Co.,TIF,96.34,NYSE
Time Inc.,TIME,18.55,NYSE
"Team, Inc.",TISI,14.15,NYSE
"TJX Companies, Inc. (The)",TJX,73.3,NYSE
Teekay Corporation,TK,8.44,NYSE
Turkcell Iletisim Hizmetleri AS,TKC,9.9,NYSE
Turkish Investment Fund (The),TKF,9.1,NYSE
Timken Company (The),TKR,48.4,NYSE
LMP Corporate Loan Fund Inc,TLI,10.54,NYSE
"PT Telekomunikasi Indonesia, Tbk",TLK,30.8,NYSE
TransMontaigne Partners L.P.,TLP,41.02,NYSE
"Tremor Video, Inc.",TLRA,3.88,NYSE
"Tailored Brands, Inc.",TLRD,20.67,NYSE
"Tilly's, Inc.",TLYS,15.9,NYSE
Taylor Morrison Home Corporation,TMHC,23.46,NYSE
Torchmark Corporation,TMK,89.63,NYSE
Timken Steel Corporation,TMST,13.51,NYSE
Tennant Company,TNC,62.45,NYSE
"TriNet Group, Inc.",TNET,43.63,NYSE
"Terra Nitrogen Company, L.P.",TNH,81.37,NYSE
Teekay Tankers Ltd.,TNK,1.49,NYSE
Tsakos Energy Navigation Ltd,TNP,3.95,NYSE
Toll Brothers Inc.,TOL,47.74,NYSE
Teekay Offshore Partners L.P.,TOO,2.25,NYSE
"TotalFinaElf, S.A.",TOT,55.67,NYSE
"Tower International, Inc.",TOWR,30.6,NYSE
"Turning Point Brands, Inc.",TPB,17.47,NYSE
Tutor Perini Corporation,TPC,27.8,NYSE
TPG Pace Energy Holdings Corp.,TPGE,9.72,NYSE
TPG Pace Holdings Corp.,TPGH,9.7143,NYSE
"TRI Pointe Group, Inc.",TPH,17.66,NYSE
"Tapestry, Inc.",TPR,41.39,NYSE
Third Point Reinsurance Ltd.,TPRE,15.1,NYSE
TriplePoint Venture Growth BDC Corp.,TPVG,13.39,NYSE
"Tempur Sealy International, Inc.",TPX,58.91,NYSE
"Tootsie Roll Industries, Inc.",TR,36.2,NYSE
Tejon Ranch Co,TRC,21.49,NYSE
Tribune Media Company,TRCO,41.75,NYSE
Trecora Resources,TREC,13,NYSE
"Targa Resources, Inc.",TRGP,46.24,NYSE
Thomson Reuters Corp,TRI,44.35,NYSE
"Speedway Motorsports, Inc.",TRK,19.63,NYSE
"Trinity Industries, Inc.",TRN,35.8,NYSE
Terreno Realty Corporation,TRNO,36.64,NYSE
Tronox Limited,TROX,19.98,NYSE
TransCanada Corporation,TRP,48.87,NYSE
Turquoise Hill Resources Ltd.,TRQ,3.06,NYSE
Triton International Limited,TRTN,36.21,NYSE
"TPG RE Finance Trust, Inc.",TRTX,19.37,NYSE
TransUnion,TRU,55.71,NYSE
Tenaris S.A.,TS,30.74,NYSE
Trinseo S.A.,TSE,71.7,NYSE
"TCW Strategic Income Fund, Inc",TSI,5.61,NYSE
"TPG Specialty Lending, Inc.",TSLX,20.8,NYSE
Taiwan Semiconductor Manufacturing Company Ltd.,TSM,39.37,NYSE
"Tyson Foods, Inc.",TSN,82.6,NYSE
"Townsquare Media, Inc.",TSQ,7.65,NYSE
"Total System Services, Inc.",TSS,76.62,NYSE
TIM Participacoes S.A.,TSU,18.02,NYSE
Toro Company (The),TTC,65.22,NYSE
Thai Fund (The),TTF,11.04,NYSE
"Tetra Technologies, Inc.",TTI,4.02,NYSE
Tata Motors Ltd,TTM,31.84,NYSE
TELUS Corporation,TU,37.65,NYSE
Tupperware Brands Corporation,TUP,63.04,NYSE
Grupo Televisa S.A.,TV,18.64,NYSE
Travelport Worldwide Limited,TVPT,13.21,NYSE
"Titan International, Inc.",TWI,11.86,NYSE
Twilio Inc.,TWLO,24.82,NYSE
"Taiwan Fund, Inc (The)",TWN,20.81,NYSE
Two Harbors Investments Corp,TWO,16.28,NYSE
"Twitter, Inc.",TWTR,22.05,NYSE
Time Warner Inc.,TWX,90.82,NYSE
Ternium S.A.,TX,29.38,NYSE
Textron Inc.,TXT,54.63,NYSE
Tri-Continental Corporation,TY,26.7,NYSE
Tortoise Energy Infrastructure Corp,TYG,26.06,NYSE
"Under Armour, Inc.",UA,12.18,NYSE
"Under Armour, Inc.",UAA,13.5,NYSE
"United Continental Holdings, Inc.",UAL,64.24,NYSE
"CVR Partners, LP",UAN,3.95,NYSE
Urstadt Biddle Properties Inc.,UBA,22.56,NYSE
Urstadt Biddle Properties Inc.,UBP,17.37,NYSE
UBS AG,UBS,17.8,NYSE
"United Dominion Realty Trust, Inc.",UDR,39.23,NYSE
Urban Edge Properties,UE,24.89,NYSE
"Unifi, Inc.",UFI,35.68,NYSE
Domtar Corporation,UFS,48.19,NYSE
UGI Corporation,UGI,49.4,NYSE
Ultrapar Participacoes S.A.,UGP,21.55,NYSE
Universal Health Realty Income Trust,UHT,73.02,NYSE
Unisys Corporation,UIS,8,NYSE
Unilever PLC,UL,56.15,NYSE
United Microelectronics Corporation,UMC,2.53,NYSE
"UMH Properties, Inc.",UMH,15.11,NYSE
Unilever NV,UN,57.43,NYSE
Unum Group,UNM,56.65,NYSE
Unit Corporation,UNT,20.5,NYSE
Univar Inc.,UNVR,29.23,NYSE
ALPS Liberty All-Star Equity Fund,USA,6.12,NYSE
"USA Compression Partners, LP",USAC,16.89,NYSE
U.S. Bancorp,USB,55.27,NYSE
USD Partners LP,USDP,10.2,NYSE
US Foods Holding Corp.,USFD,30.95,NYSE
USG Corporation,USG,36.99,NYSE
United States Cellular Corporation,USM,35.84,NYSE
"USANA Health Sciences, Inc.",USNA,70.55,NYSE
"U.S. Physical Therapy, Inc.",USPH,71.05,NYSE
Universal Technical Institute Inc,UTI,2.59,NYSE
UNITIL Corporation,UTL,49.78,NYSE
UNIVERSAL INSURANCE HOLDINGS INC,UVE,25.8,NYSE
Universal Corporation,UVV,54.55,NYSE
VALE S.A.,VALE,10.84,NYSE
Invesco Bond Fund,VBF,19.7,NYSE
Vina Concha Y Toro,VCO,34.0197,NYSE
"Vocera Communications, Inc.",VCRA,27.94,NYSE
Invesco California Value Municipal Income Trust,VCV,12.89,NYSE
"Vectrus, Inc.",VEC,31.08,NYSE
Vedanta  Limited,VEDL,18.26,NYSE
Veeva Systems Inc.,VEEV,56.64,NYSE
VEREIT Inc.,VER,7.91,NYSE
Vermilion Energy Inc.,VET,33.81,NYSE
V.F. Corporation,VFC,72.6,NYSE
Vonage Holdings Corp.,VG,9.91,NYSE
Invesco Trust for Investment Grade Municipals,VGM,13.46,NYSE
Vector Group Ltd.,VGR,22.88,NYSE
"Valhi, Inc.",VHI,5.74,NYSE
Vipshop Holdings Limited,VIPS,8.46,NYSE
Telefonica Brasil S.A.,VIV,15.04,NYSE
voxeljet AG,VJET,5.11,NYSE
Invesco Municipal Trust,VKQ,12.69,NYSE
Valero Energy Corporation,VLO,87.2,NYSE
Valero Energy Partners LP,VLP,41.22,NYSE
"Controladora Vuela Compania de Aviacion, S.A.B. de C.V.",VLRS,9.25,NYSE
Invesco High Income Trust II,VLT,14.628,NYSE
Valley National Bancorp,VLY,11.52,NYSE
Invesco Municipal Opportunity Trust,VMO,12.43,NYSE
Vince Holding Corp.,VNCE,4.74,NYSE
Vornado Realty Trust,VNO,77.01,NYSE
Venator Materials PLC,VNTR,20.78,NYSE
"Vantiv, Inc.",VNTV,74.62,NYSE
VOC Energy Trust,VOC,5.1,NYSE
"Voya Financial, Inc.",VOYA,46.32,NYSE
"Vishay Precision Group, Inc.",VPG,27.15,NYSE
Invesco Pennsylvania Value Municipal Income Trust,VPV,12.2,NYSE
"Validus Holdings, Ltd.",VR,47.43,NYSE
Verso Corporation,VRS,12.34,NYSE
Veritiv Corporation,VRTV,27.75,NYSE
"Valeant Pharmaceuticals International, Inc.",VRX,20.55,NYSE
"Vishay Intertechnology, Inc.",VSH,20.87,NYSE
"Vitamin Shoppe, Inc",VSI,3.85,NYSE
"Vivint Solar, Inc.",VSLR,3.45,NYSE
Versum Materials Inc.,VSM,37.08,NYSE
Vistra Energy Corp.,VST,18.11,NYSE
Vista Outdoor Inc.,VSTO,14.06,NYSE
Invesco Trust for Investment Grade New York Municipals,VTN,13.79,NYSE
"Ventas, Inc.",VTR,63.32,NYSE
Vectren Corporation,VVC,69.38,NYSE
Viad Corp,VVI,56.5,NYSE
Valvoline Inc.,VVV,24.52,NYSE
Verizon Communications Inc.,VZ,51.84,NYSE
Wayfair Inc.,W,74.59,NYSE
AquaVenture Holdings Ltd.,WAAS,15.21,NYSE
Westinghouse Air Brake Technologies Corporation,WAB,77.3,NYSE
Walter Investment Management Corp.,WAC,0.6762,NYSE
"WageWorks, Inc.",WAGE,61.55,NYSE
"Wesco Aircraft Holdings, Inc.",WAIR,6.9,NYSE
Western Alliance Bancorporation,WAL,57.94,NYSE
500.com Limited,WBAI,9.55,NYSE
Westpac Banking Corporation,WBK,23.83,NYSE
Webster Financial Corporation,WBS,56.77,NYSE
"Manitowoc Food Service, Inc.",WBT,22.29,NYSE
"WESCO International, Inc.",WCC,64.1,NYSE
"Waste Connections, Inc.",WCN,68.83,NYSE
"Walker & Dunlop, Inc.",WD,47.8,NYSE
"Waddell & Reed Financial, Inc.",WDR,20.97,NYSE
"WEC Energy Group, Inc.",WEC,69.17,NYSE
"Western Gas Partners, LP",WES,47.35,NYSE
Woori Bank,WF,42.88,NYSE
Wells Fargo & Company,WFC,58.87,NYSE
Weatherford International PLC,WFT,3.36,NYSE
"Willbros Group, Inc.",WG,1.25,NYSE
WGL Holdings Inc,WGL,85.75,NYSE
"Winnebago Industries, Inc.",WGO,55.65,NYSE
"Western Gas Equity Partners, LP",WGP,36.97,NYSE
Westwood Holdings Group Inc,WHG,65.9,NYSE
Wipro Limited,WIT,5.36,NYSE
Workiva Inc.,WK,21.3,NYSE
Lyon William Homes,WLH,28.84,NYSE
Westlake Chemical Partners LP,WLKP,23.25,NYSE
Whiting Petroleum Corporation,WLL,25.57,NYSE
"Waste Management, Inc.",WM,85.37,NYSE
"Williams Companies, Inc. (The)",WMB,28.9,NYSE
Western Asset Mortgage Capital Corporation,WMC,10.06,NYSE
"Weis Markets, Inc.",WMK,41.38,NYSE
"Westmoreland Resource Partners, LP",WMLP,2.61,NYSE
"Advanced Drainage Systems, Inc.",WMS,22.85,NYSE
"Wal-Mart Stores, Inc.",WMT,96.93,NYSE
Wabash National Corporation,WNC,19.74,NYSE
WNS (Holdings) Limited,WNS,40.65,NYSE
"Worthington Industries, Inc.",WOR,42.6,NYSE
"WideOpenWest, Inc.",WOW,8.8,NYSE
W.P. Carey Inc.,WPC,70.14,NYSE
Washington Prime Group Inc.,WPG,6.83,NYSE
Silver Wheaton Corp,WPM,21.25,NYSE
WPP PLC,WPP,91.77,NYSE
"WPX Energy, Inc.",WPX,12.95,NYSE
Williams Partners LP,WPZ,37.39,NYSE
"Westar Energy, Inc.",WR,56.75,NYSE
W.R. Berkley Corporation,WRB,70.49,NYSE
Wildhorse Resource Development Corporation,WRD,17.88,NYSE
Washington Real Estate Investment Trust,WRE,31.7,NYSE
Weingarten Realty Investors,WRI,32.18,NYSE
Westrock Company,WRK,64.42,NYSE
"Williams-Sonoma, Inc.",WSM,52,NYSE
Whitestone REIT,WSR,14.46,NYSE
"West Pharmaceutical Services, Inc.",WST,99.08,NYSE
"W&T Offshore, Inc.",WTI,3.05,NYSE
"Aqua America, Inc.",WTR,38.13,NYSE
"Watts Water Technologies, Inc.",WTS,73.1,NYSE
SELECT EGY SVCS,WTTR,15.95,NYSE
Weight Watchers International Inc,WTW,46.85,NYSE
Western Union Company (The),WU,19.53,NYSE
58.com Inc.,WUBA,71.34,NYSE
"World Wrestling Entertainment, Inc.",WWE,30.71,NYSE
"Wolverine World Wide, Inc.",WWW,29.46,NYSE
Weyerhaeuser Company,WY,35.44,NYSE
United States Steel Corporation,X,33.42,NYSE
EXCO Resources NL,XCO,0.58,NYSE
Xcel Energy Inc.,XEL,51.44,NYSE
"Xenia Hotels & Resorts, Inc.",XHR,21.46,NYSE
Xinyuan Real Estate Co Ltd,XIN,5.56,NYSE
XL Group Ltd.,XL,36.82,NYSE
China Xiniya Fashion Limited,XNY,1.51,NYSE
Exxon Mobil Corporation,XOM,83.03,NYSE
Intrexon Corporation,XON,12.99,NYSE
"XO Group, Inc.",XOXO,18.76,NYSE
"XPO Logistics, Inc.",XPO,76.4,NYSE
China Rapid Finance Limited Sponsored ADR,XRF,5.98,NYSE
"Xerium Technologies, Inc.",XRM,4.33,NYSE
Xerox Corporation,XRX,29.59,NYSE
Xylem Inc.,XYL,67.28,NYSE
Yelp Inc.,YELP,41.25,NYSE
Yext Inc.,YEXT,12.11,NYSE
Yingli Green Energy Holding Company Limited,YGE,1.86,NYSE
YPF Sociedad Anonima,YPF,22.2,NYSE
Yirendai Ltd.,YRD,39.76,NYSE
"Yum! Brands, Inc.",YUM,82.45,NYSE
Yum China Holdings Inc.,YUMC,40.8,NYSE
"YuMe, Inc.",YUME,3.66,NYSE
"Zayo Group Holdings, Inc.",ZAYO,35.3,NYSE
"Zendesk, Inc.",ZEN,34,NYSE
Zweig Fund,ZF,12.79,NYSE
China Southern Airlines Company Limited,ZNH,49.8,NYSE
"Zoe's Kitchen, Inc.",ZOES,16.95,NYSE
ZTO EXPRESS INC,ZTO,15.52,NYSE
Zweig Total Return (The),ZTR,13.19,NYSE
Zoetis Inc.,ZTS,71.77,NYSE
China Zenix Auto International Limited,ZX,1.25,NYSE
Zymeworks Inc.,ZYME,8.5,NYSE